--
-- PostgreSQL database dump
--

-- Dumped from database version 16.1
-- Dumped by pg_dump version 16.1

SET statement_timeout = 0;
SET lock_timeout = 0;
SET idle_in_transaction_session_timeout = 0;
SET client_encoding = 'UTF8';
SET standard_conforming_strings = on;
SELECT pg_catalog.set_config('search_path', '', false);
SET check_function_bodies = false;
SET xmloption = content;
SET client_min_messages = warning;
SET row_security = off;

SET default_tablespace = '';

SET default_table_access_method = heap;

--
-- Name: account_emailaddress; Type: TABLE; Schema: public; Owner: postgres
--

CREATE TABLE public.account_emailaddress (
    id integer NOT NULL,
    email character varying(254) NOT NULL,
    verified boolean NOT NULL,
    "primary" boolean NOT NULL,
    user_id integer NOT NULL
);


ALTER TABLE public.account_emailaddress OWNER TO postgres;

--
-- Name: account_emailaddress_id_seq; Type: SEQUENCE; Schema: public; Owner: postgres
--

ALTER TABLE public.account_emailaddress ALTER COLUMN id ADD GENERATED BY DEFAULT AS IDENTITY (
    SEQUENCE NAME public.account_emailaddress_id_seq
    START WITH 1
    INCREMENT BY 1
    NO MINVALUE
    NO MAXVALUE
    CACHE 1
);


--
-- Name: account_emailconfirmation; Type: TABLE; Schema: public; Owner: postgres
--

CREATE TABLE public.account_emailconfirmation (
    id integer NOT NULL,
    created timestamp with time zone NOT NULL,
    sent timestamp with time zone,
    key character varying(64) NOT NULL,
    email_address_id integer NOT NULL
);


ALTER TABLE public.account_emailconfirmation OWNER TO postgres;

--
-- Name: account_emailconfirmation_id_seq; Type: SEQUENCE; Schema: public; Owner: postgres
--

ALTER TABLE public.account_emailconfirmation ALTER COLUMN id ADD GENERATED BY DEFAULT AS IDENTITY (
    SEQUENCE NAME public.account_emailconfirmation_id_seq
    START WITH 1
    INCREMENT BY 1
    NO MINVALUE
    NO MAXVALUE
    CACHE 1
);


--
-- Name: accounts_address; Type: TABLE; Schema: public; Owner: postgres
--

CREATE TABLE public.accounts_address (
    id bigint NOT NULL,
    uid uuid NOT NULL,
    house_no character varying(100) NOT NULL,
    street character varying(255) NOT NULL,
    post_office character varying(255) NOT NULL,
    district character varying(255) NOT NULL,
    state character varying(255) NOT NULL,
    country character varying(255) NOT NULL,
    pin_code character varying(100) NOT NULL,
    profile_id uuid NOT NULL
);


ALTER TABLE public.accounts_address OWNER TO postgres;

--
-- Name: accounts_address_id_seq; Type: SEQUENCE; Schema: public; Owner: postgres
--

ALTER TABLE public.accounts_address ALTER COLUMN id ADD GENERATED BY DEFAULT AS IDENTITY (
    SEQUENCE NAME public.accounts_address_id_seq
    START WITH 1
    INCREMENT BY 1
    NO MINVALUE
    NO MAXVALUE
    CACHE 1
);


--
-- Name: accounts_profile; Type: TABLE; Schema: public; Owner: postgres
--

CREATE TABLE public.accounts_profile (
    uid uuid NOT NULL,
    created_at timestamp with time zone NOT NULL,
    updated_at timestamp with time zone NOT NULL,
    is_email_verified boolean NOT NULL,
    email_token character varying(100),
    user_id integer NOT NULL,
    slug character varying(50),
    phone_number character varying(10) NOT NULL
);


ALTER TABLE public.accounts_profile OWNER TO postgres;

--
-- Name: auth_group; Type: TABLE; Schema: public; Owner: postgres
--

CREATE TABLE public.auth_group (
    id integer NOT NULL,
    name character varying(150) NOT NULL
);


ALTER TABLE public.auth_group OWNER TO postgres;

--
-- Name: auth_group_id_seq; Type: SEQUENCE; Schema: public; Owner: postgres
--

ALTER TABLE public.auth_group ALTER COLUMN id ADD GENERATED BY DEFAULT AS IDENTITY (
    SEQUENCE NAME public.auth_group_id_seq
    START WITH 1
    INCREMENT BY 1
    NO MINVALUE
    NO MAXVALUE
    CACHE 1
);


--
-- Name: auth_group_permissions; Type: TABLE; Schema: public; Owner: postgres
--

CREATE TABLE public.auth_group_permissions (
    id bigint NOT NULL,
    group_id integer NOT NULL,
    permission_id integer NOT NULL
);


ALTER TABLE public.auth_group_permissions OWNER TO postgres;

--
-- Name: auth_group_permissions_id_seq; Type: SEQUENCE; Schema: public; Owner: postgres
--

ALTER TABLE public.auth_group_permissions ALTER COLUMN id ADD GENERATED BY DEFAULT AS IDENTITY (
    SEQUENCE NAME public.auth_group_permissions_id_seq
    START WITH 1
    INCREMENT BY 1
    NO MINVALUE
    NO MAXVALUE
    CACHE 1
);


--
-- Name: auth_permission; Type: TABLE; Schema: public; Owner: postgres
--

CREATE TABLE public.auth_permission (
    id integer NOT NULL,
    name character varying(255) NOT NULL,
    content_type_id integer NOT NULL,
    codename character varying(100) NOT NULL
);


ALTER TABLE public.auth_permission OWNER TO postgres;

--
-- Name: auth_permission_id_seq; Type: SEQUENCE; Schema: public; Owner: postgres
--

ALTER TABLE public.auth_permission ALTER COLUMN id ADD GENERATED BY DEFAULT AS IDENTITY (
    SEQUENCE NAME public.auth_permission_id_seq
    START WITH 1
    INCREMENT BY 1
    NO MINVALUE
    NO MAXVALUE
    CACHE 1
);


--
-- Name: auth_user; Type: TABLE; Schema: public; Owner: postgres
--

CREATE TABLE public.auth_user (
    id integer NOT NULL,
    password character varying(128) NOT NULL,
    last_login timestamp with time zone,
    is_superuser boolean NOT NULL,
    username character varying(150) NOT NULL,
    first_name character varying(150) NOT NULL,
    last_name character varying(150) NOT NULL,
    email character varying(254) NOT NULL,
    is_staff boolean NOT NULL,
    is_active boolean NOT NULL,
    date_joined timestamp with time zone NOT NULL
);


ALTER TABLE public.auth_user OWNER TO postgres;

--
-- Name: auth_user_groups; Type: TABLE; Schema: public; Owner: postgres
--

CREATE TABLE public.auth_user_groups (
    id bigint NOT NULL,
    user_id integer NOT NULL,
    group_id integer NOT NULL
);


ALTER TABLE public.auth_user_groups OWNER TO postgres;

--
-- Name: auth_user_groups_id_seq; Type: SEQUENCE; Schema: public; Owner: postgres
--

ALTER TABLE public.auth_user_groups ALTER COLUMN id ADD GENERATED BY DEFAULT AS IDENTITY (
    SEQUENCE NAME public.auth_user_groups_id_seq
    START WITH 1
    INCREMENT BY 1
    NO MINVALUE
    NO MAXVALUE
    CACHE 1
);


--
-- Name: auth_user_id_seq; Type: SEQUENCE; Schema: public; Owner: postgres
--

ALTER TABLE public.auth_user ALTER COLUMN id ADD GENERATED BY DEFAULT AS IDENTITY (
    SEQUENCE NAME public.auth_user_id_seq
    START WITH 1
    INCREMENT BY 1
    NO MINVALUE
    NO MAXVALUE
    CACHE 1
);


--
-- Name: auth_user_user_permissions; Type: TABLE; Schema: public; Owner: postgres
--

CREATE TABLE public.auth_user_user_permissions (
    id bigint NOT NULL,
    user_id integer NOT NULL,
    permission_id integer NOT NULL
);


ALTER TABLE public.auth_user_user_permissions OWNER TO postgres;

--
-- Name: auth_user_user_permissions_id_seq; Type: SEQUENCE; Schema: public; Owner: postgres
--

ALTER TABLE public.auth_user_user_permissions ALTER COLUMN id ADD GENERATED BY DEFAULT AS IDENTITY (
    SEQUENCE NAME public.auth_user_user_permissions_id_seq
    START WITH 1
    INCREMENT BY 1
    NO MINVALUE
    NO MAXVALUE
    CACHE 1
);


--
-- Name: cart_cart; Type: TABLE; Schema: public; Owner: postgres
--

CREATE TABLE public.cart_cart (
    id bigint NOT NULL,
    cart_id character varying(250) NOT NULL,
    date_added date NOT NULL,
    profile_id uuid NOT NULL
);


ALTER TABLE public.cart_cart OWNER TO postgres;

--
-- Name: cart_cart_id_seq; Type: SEQUENCE; Schema: public; Owner: postgres
--

ALTER TABLE public.cart_cart ALTER COLUMN id ADD GENERATED BY DEFAULT AS IDENTITY (
    SEQUENCE NAME public.cart_cart_id_seq
    START WITH 1
    INCREMENT BY 1
    NO MINVALUE
    NO MAXVALUE
    CACHE 1
);


--
-- Name: cart_cartitem; Type: TABLE; Schema: public; Owner: postgres
--

CREATE TABLE public.cart_cartitem (
    id bigint NOT NULL,
    quantity integer NOT NULL,
    is_active boolean NOT NULL,
    cart_id bigint NOT NULL,
    product_id uuid NOT NULL,
    size_variant_id uuid,
    total integer,
    CONSTRAINT cart_cartitem_total_check CHECK ((total >= 0))
);


ALTER TABLE public.cart_cartitem OWNER TO postgres;

--
-- Name: cart_cartitem_id_seq; Type: SEQUENCE; Schema: public; Owner: postgres
--

ALTER TABLE public.cart_cartitem ALTER COLUMN id ADD GENERATED BY DEFAULT AS IDENTITY (
    SEQUENCE NAME public.cart_cartitem_id_seq
    START WITH 1
    INCREMENT BY 1
    NO MINVALUE
    NO MAXVALUE
    CACHE 1
);


--
-- Name: cart_coupon; Type: TABLE; Schema: public; Owner: postgres
--

CREATE TABLE public.cart_coupon (
    id bigint NOT NULL,
    coupon_code character varying(20) NOT NULL,
    percentage numeric(5,2) NOT NULL,
    "limit" numeric(10,2) NOT NULL,
    total_coupons integer NOT NULL,
    expiry_date timestamp with time zone NOT NULL,
    is_active boolean NOT NULL,
    created_at timestamp with time zone NOT NULL,
    updated_at timestamp with time zone NOT NULL,
    CONSTRAINT cart_coupon_total_coupons_check CHECK ((total_coupons >= 0))
);


ALTER TABLE public.cart_coupon OWNER TO postgres;

--
-- Name: cart_coupon_id_seq; Type: SEQUENCE; Schema: public; Owner: postgres
--

ALTER TABLE public.cart_coupon ALTER COLUMN id ADD GENERATED BY DEFAULT AS IDENTITY (
    SEQUENCE NAME public.cart_coupon_id_seq
    START WITH 1
    INCREMENT BY 1
    NO MINVALUE
    NO MAXVALUE
    CACHE 1
);


--
-- Name: cart_wishlist; Type: TABLE; Schema: public; Owner: postgres
--

CREATE TABLE public.cart_wishlist (
    id bigint NOT NULL,
    date_added date NOT NULL,
    profile_id uuid NOT NULL
);


ALTER TABLE public.cart_wishlist OWNER TO postgres;

--
-- Name: cart_wishlist_id_seq; Type: SEQUENCE; Schema: public; Owner: postgres
--

ALTER TABLE public.cart_wishlist ALTER COLUMN id ADD GENERATED BY DEFAULT AS IDENTITY (
    SEQUENCE NAME public.cart_wishlist_id_seq
    START WITH 1
    INCREMENT BY 1
    NO MINVALUE
    NO MAXVALUE
    CACHE 1
);


--
-- Name: cart_wishlistitem; Type: TABLE; Schema: public; Owner: postgres
--

CREATE TABLE public.cart_wishlistitem (
    id bigint NOT NULL,
    is_active boolean NOT NULL,
    created_at timestamp with time zone NOT NULL,
    product_id uuid NOT NULL,
    size_variant_id uuid,
    wishlist_id bigint NOT NULL
);


ALTER TABLE public.cart_wishlistitem OWNER TO postgres;

--
-- Name: cart_wishlistitem_id_seq; Type: SEQUENCE; Schema: public; Owner: postgres
--

ALTER TABLE public.cart_wishlistitem ALTER COLUMN id ADD GENERATED BY DEFAULT AS IDENTITY (
    SEQUENCE NAME public.cart_wishlistitem_id_seq
    START WITH 1
    INCREMENT BY 1
    NO MINVALUE
    NO MAXVALUE
    CACHE 1
);


--
-- Name: django_admin_log; Type: TABLE; Schema: public; Owner: postgres
--

CREATE TABLE public.django_admin_log (
    id integer NOT NULL,
    action_time timestamp with time zone NOT NULL,
    object_id text,
    object_repr character varying(200) NOT NULL,
    action_flag smallint NOT NULL,
    change_message text NOT NULL,
    content_type_id integer,
    user_id integer NOT NULL,
    CONSTRAINT django_admin_log_action_flag_check CHECK ((action_flag >= 0))
);


ALTER TABLE public.django_admin_log OWNER TO postgres;

--
-- Name: django_admin_log_id_seq; Type: SEQUENCE; Schema: public; Owner: postgres
--

ALTER TABLE public.django_admin_log ALTER COLUMN id ADD GENERATED BY DEFAULT AS IDENTITY (
    SEQUENCE NAME public.django_admin_log_id_seq
    START WITH 1
    INCREMENT BY 1
    NO MINVALUE
    NO MAXVALUE
    CACHE 1
);


--
-- Name: django_content_type; Type: TABLE; Schema: public; Owner: postgres
--

CREATE TABLE public.django_content_type (
    id integer NOT NULL,
    app_label character varying(100) NOT NULL,
    model character varying(100) NOT NULL
);


ALTER TABLE public.django_content_type OWNER TO postgres;

--
-- Name: django_content_type_id_seq; Type: SEQUENCE; Schema: public; Owner: postgres
--

ALTER TABLE public.django_content_type ALTER COLUMN id ADD GENERATED BY DEFAULT AS IDENTITY (
    SEQUENCE NAME public.django_content_type_id_seq
    START WITH 1
    INCREMENT BY 1
    NO MINVALUE
    NO MAXVALUE
    CACHE 1
);


--
-- Name: django_migrations; Type: TABLE; Schema: public; Owner: postgres
--

CREATE TABLE public.django_migrations (
    id bigint NOT NULL,
    app character varying(255) NOT NULL,
    name character varying(255) NOT NULL,
    applied timestamp with time zone NOT NULL
);


ALTER TABLE public.django_migrations OWNER TO postgres;

--
-- Name: django_migrations_id_seq; Type: SEQUENCE; Schema: public; Owner: postgres
--

ALTER TABLE public.django_migrations ALTER COLUMN id ADD GENERATED BY DEFAULT AS IDENTITY (
    SEQUENCE NAME public.django_migrations_id_seq
    START WITH 1
    INCREMENT BY 1
    NO MINVALUE
    NO MAXVALUE
    CACHE 1
);


--
-- Name: django_session; Type: TABLE; Schema: public; Owner: postgres
--

CREATE TABLE public.django_session (
    session_key character varying(40) NOT NULL,
    session_data text NOT NULL,
    expire_date timestamp with time zone NOT NULL
);


ALTER TABLE public.django_session OWNER TO postgres;

--
-- Name: django_site; Type: TABLE; Schema: public; Owner: postgres
--

CREATE TABLE public.django_site (
    id integer NOT NULL,
    domain character varying(100) NOT NULL,
    name character varying(50) NOT NULL
);


ALTER TABLE public.django_site OWNER TO postgres;

--
-- Name: django_site_id_seq; Type: SEQUENCE; Schema: public; Owner: postgres
--

ALTER TABLE public.django_site ALTER COLUMN id ADD GENERATED BY DEFAULT AS IDENTITY (
    SEQUENCE NAME public.django_site_id_seq
    START WITH 1
    INCREMENT BY 1
    NO MINVALUE
    NO MAXVALUE
    CACHE 1
);


--
-- Name: offer_categoryoffer; Type: TABLE; Schema: public; Owner: postgres
--

CREATE TABLE public.offer_categoryoffer (
    id bigint NOT NULL,
    percentage double precision NOT NULL,
    expiry_date date NOT NULL,
    is_active boolean NOT NULL,
    category_id uuid NOT NULL
);


ALTER TABLE public.offer_categoryoffer OWNER TO postgres;

--
-- Name: offer_categoryoffer_id_seq; Type: SEQUENCE; Schema: public; Owner: postgres
--

ALTER TABLE public.offer_categoryoffer ALTER COLUMN id ADD GENERATED BY DEFAULT AS IDENTITY (
    SEQUENCE NAME public.offer_categoryoffer_id_seq
    START WITH 1
    INCREMENT BY 1
    NO MINVALUE
    NO MAXVALUE
    CACHE 1
);


--
-- Name: offer_productoffer; Type: TABLE; Schema: public; Owner: postgres
--

CREATE TABLE public.offer_productoffer (
    id bigint NOT NULL,
    percentage double precision NOT NULL,
    expiry_date date NOT NULL,
    is_active boolean NOT NULL,
    product_id uuid NOT NULL
);


ALTER TABLE public.offer_productoffer OWNER TO postgres;

--
-- Name: offer_productoffer_id_seq; Type: SEQUENCE; Schema: public; Owner: postgres
--

ALTER TABLE public.offer_productoffer ALTER COLUMN id ADD GENERATED BY DEFAULT AS IDENTITY (
    SEQUENCE NAME public.offer_productoffer_id_seq
    START WITH 1
    INCREMENT BY 1
    NO MINVALUE
    NO MAXVALUE
    CACHE 1
);


--
-- Name: offer_referraloffer; Type: TABLE; Schema: public; Owner: postgres
--

CREATE TABLE public.offer_referraloffer (
    id bigint NOT NULL,
    referral_code character varying(12) NOT NULL,
    created_at timestamp with time zone NOT NULL,
    referred_by_id uuid,
    user_id uuid NOT NULL
);


ALTER TABLE public.offer_referraloffer OWNER TO postgres;

--
-- Name: offer_referraloffer_id_seq; Type: SEQUENCE; Schema: public; Owner: postgres
--

ALTER TABLE public.offer_referraloffer ALTER COLUMN id ADD GENERATED BY DEFAULT AS IDENTITY (
    SEQUENCE NAME public.offer_referraloffer_id_seq
    START WITH 1
    INCREMENT BY 1
    NO MINVALUE
    NO MAXVALUE
    CACHE 1
);


--
-- Name: orders_order; Type: TABLE; Schema: public; Owner: postgres
--

CREATE TABLE public.orders_order (
    id bigint NOT NULL,
    order_date timestamp with time zone NOT NULL,
    status character varying(20) NOT NULL,
    total_amount numeric(10,2) NOT NULL,
    applied_coupon character varying(20) NOT NULL,
    payment_method character varying(50) NOT NULL,
    shipping_address text NOT NULL,
    is_paid boolean NOT NULL,
    profile_id uuid NOT NULL,
    order_note character varying(255),
    razorpay_order_id character varying(100),
    razorpay_payment_id character varying(100),
    razorpay_signature character varying(255)
);


ALTER TABLE public.orders_order OWNER TO postgres;

--
-- Name: orders_order_id_seq; Type: SEQUENCE; Schema: public; Owner: postgres
--

ALTER TABLE public.orders_order ALTER COLUMN id ADD GENERATED BY DEFAULT AS IDENTITY (
    SEQUENCE NAME public.orders_order_id_seq
    START WITH 1
    INCREMENT BY 1
    NO MINVALUE
    NO MAXVALUE
    CACHE 1
);


--
-- Name: orders_orderitem; Type: TABLE; Schema: public; Owner: postgres
--

CREATE TABLE public.orders_orderitem (
    id bigint NOT NULL,
    product_name character varying(100) NOT NULL,
    quantity integer NOT NULL,
    price numeric(10,2) NOT NULL,
    order_id bigint NOT NULL,
    product_id uuid,
    CONSTRAINT orders_orderitem_quantity_check CHECK ((quantity >= 0))
);


ALTER TABLE public.orders_orderitem OWNER TO postgres;

--
-- Name: orders_orderitem_id_seq; Type: SEQUENCE; Schema: public; Owner: postgres
--

ALTER TABLE public.orders_orderitem ALTER COLUMN id ADD GENERATED BY DEFAULT AS IDENTITY (
    SEQUENCE NAME public.orders_orderitem_id_seq
    START WITH 1
    INCREMENT BY 1
    NO MINVALUE
    NO MAXVALUE
    CACHE 1
);


--
-- Name: orders_transaction; Type: TABLE; Schema: public; Owner: postgres
--

CREATE TABLE public.orders_transaction (
    id bigint NOT NULL,
    transaction_id uuid NOT NULL,
    amount numeric(10,2) NOT NULL,
    transaction_type character varying(6) NOT NULL,
    created_at timestamp with time zone NOT NULL,
    wallet_id bigint NOT NULL
);


ALTER TABLE public.orders_transaction OWNER TO postgres;

--
-- Name: orders_transaction_id_seq; Type: SEQUENCE; Schema: public; Owner: postgres
--

ALTER TABLE public.orders_transaction ALTER COLUMN id ADD GENERATED BY DEFAULT AS IDENTITY (
    SEQUENCE NAME public.orders_transaction_id_seq
    START WITH 1
    INCREMENT BY 1
    NO MINVALUE
    NO MAXVALUE
    CACHE 1
);


--
-- Name: orders_wallet; Type: TABLE; Schema: public; Owner: postgres
--

CREATE TABLE public.orders_wallet (
    id bigint NOT NULL,
    amount numeric(10,2) NOT NULL,
    profile_id uuid NOT NULL
);


ALTER TABLE public.orders_wallet OWNER TO postgres;

--
-- Name: orders_wallet_id_seq; Type: SEQUENCE; Schema: public; Owner: postgres
--

ALTER TABLE public.orders_wallet ALTER COLUMN id ADD GENERATED BY DEFAULT AS IDENTITY (
    SEQUENCE NAME public.orders_wallet_id_seq
    START WITH 1
    INCREMENT BY 1
    NO MINVALUE
    NO MAXVALUE
    CACHE 1
);


--
-- Name: products_category; Type: TABLE; Schema: public; Owner: postgres
--

CREATE TABLE public.products_category (
    uid uuid NOT NULL,
    created_at timestamp with time zone NOT NULL,
    updated_at timestamp with time zone NOT NULL,
    category_name character varying(100) NOT NULL,
    slug character varying(50),
    category_image character varying(100) NOT NULL,
    is_active boolean NOT NULL
);


ALTER TABLE public.products_category OWNER TO postgres;

--
-- Name: products_product; Type: TABLE; Schema: public; Owner: postgres
--

CREATE TABLE public.products_product (
    uid uuid NOT NULL,
    created_at timestamp with time zone NOT NULL,
    updated_at timestamp with time zone NOT NULL,
    product_name character varying(100) NOT NULL,
    slug character varying(50),
    product_description text NOT NULL,
    category_id uuid NOT NULL,
    is_active boolean NOT NULL
);


ALTER TABLE public.products_product OWNER TO postgres;

--
-- Name: products_productimage; Type: TABLE; Schema: public; Owner: postgres
--

CREATE TABLE public.products_productimage (
    uid uuid NOT NULL,
    created_at timestamp with time zone NOT NULL,
    updated_at timestamp with time zone NOT NULL,
    image character varying(100) NOT NULL,
    product_id uuid NOT NULL
);


ALTER TABLE public.products_productimage OWNER TO postgres;

--
-- Name: products_sizevariant; Type: TABLE; Schema: public; Owner: postgres
--

CREATE TABLE public.products_sizevariant (
    uid uuid NOT NULL,
    created_at timestamp with time zone NOT NULL,
    updated_at timestamp with time zone NOT NULL,
    size_name character varying(100) NOT NULL,
    price integer NOT NULL,
    product_id uuid NOT NULL,
    stock integer NOT NULL,
    CONSTRAINT products_sizevariant_price_38f8bd75_check CHECK ((price >= 0)),
    CONSTRAINT products_sizevariant_stock_check CHECK ((stock >= 0))
);


ALTER TABLE public.products_sizevariant OWNER TO postgres;

--
-- Name: socialaccount_socialaccount; Type: TABLE; Schema: public; Owner: postgres
--

CREATE TABLE public.socialaccount_socialaccount (
    id integer NOT NULL,
    provider character varying(200) NOT NULL,
    uid character varying(191) NOT NULL,
    last_login timestamp with time zone NOT NULL,
    date_joined timestamp with time zone NOT NULL,
    extra_data jsonb NOT NULL,
    user_id integer NOT NULL
);


ALTER TABLE public.socialaccount_socialaccount OWNER TO postgres;

--
-- Name: socialaccount_socialaccount_id_seq; Type: SEQUENCE; Schema: public; Owner: postgres
--

ALTER TABLE public.socialaccount_socialaccount ALTER COLUMN id ADD GENERATED BY DEFAULT AS IDENTITY (
    SEQUENCE NAME public.socialaccount_socialaccount_id_seq
    START WITH 1
    INCREMENT BY 1
    NO MINVALUE
    NO MAXVALUE
    CACHE 1
);


--
-- Name: socialaccount_socialapp; Type: TABLE; Schema: public; Owner: postgres
--

CREATE TABLE public.socialaccount_socialapp (
    id integer NOT NULL,
    provider character varying(30) NOT NULL,
    name character varying(40) NOT NULL,
    client_id character varying(191) NOT NULL,
    secret character varying(191) NOT NULL,
    key character varying(191) NOT NULL,
    provider_id character varying(200) NOT NULL,
    settings jsonb NOT NULL
);


ALTER TABLE public.socialaccount_socialapp OWNER TO postgres;

--
-- Name: socialaccount_socialapp_id_seq; Type: SEQUENCE; Schema: public; Owner: postgres
--

ALTER TABLE public.socialaccount_socialapp ALTER COLUMN id ADD GENERATED BY DEFAULT AS IDENTITY (
    SEQUENCE NAME public.socialaccount_socialapp_id_seq
    START WITH 1
    INCREMENT BY 1
    NO MINVALUE
    NO MAXVALUE
    CACHE 1
);


--
-- Name: socialaccount_socialapp_sites; Type: TABLE; Schema: public; Owner: postgres
--

CREATE TABLE public.socialaccount_socialapp_sites (
    id bigint NOT NULL,
    socialapp_id integer NOT NULL,
    site_id integer NOT NULL
);


ALTER TABLE public.socialaccount_socialapp_sites OWNER TO postgres;

--
-- Name: socialaccount_socialapp_sites_id_seq; Type: SEQUENCE; Schema: public; Owner: postgres
--

ALTER TABLE public.socialaccount_socialapp_sites ALTER COLUMN id ADD GENERATED BY DEFAULT AS IDENTITY (
    SEQUENCE NAME public.socialaccount_socialapp_sites_id_seq
    START WITH 1
    INCREMENT BY 1
    NO MINVALUE
    NO MAXVALUE
    CACHE 1
);


--
-- Name: socialaccount_socialtoken; Type: TABLE; Schema: public; Owner: postgres
--

CREATE TABLE public.socialaccount_socialtoken (
    id integer NOT NULL,
    token text NOT NULL,
    token_secret text NOT NULL,
    expires_at timestamp with time zone,
    account_id integer NOT NULL,
    app_id integer
);


ALTER TABLE public.socialaccount_socialtoken OWNER TO postgres;

--
-- Name: socialaccount_socialtoken_id_seq; Type: SEQUENCE; Schema: public; Owner: postgres
--

ALTER TABLE public.socialaccount_socialtoken ALTER COLUMN id ADD GENERATED BY DEFAULT AS IDENTITY (
    SEQUENCE NAME public.socialaccount_socialtoken_id_seq
    START WITH 1
    INCREMENT BY 1
    NO MINVALUE
    NO MAXVALUE
    CACHE 1
);


--
-- Data for Name: account_emailaddress; Type: TABLE DATA; Schema: public; Owner: postgres
--

COPY public.account_emailaddress (id, email, verified, "primary", user_id) FROM stdin;
1	angelasabu66@gmail.com	t	t	45
2	arunsudhakaran01@gmail.com	t	t	46
3	dhinucphilip102001@gmail.com	t	t	47
\.


--
-- Data for Name: account_emailconfirmation; Type: TABLE DATA; Schema: public; Owner: postgres
--

COPY public.account_emailconfirmation (id, created, sent, key, email_address_id) FROM stdin;
\.


--
-- Data for Name: accounts_address; Type: TABLE DATA; Schema: public; Owner: postgres
--

COPY public.accounts_address (id, uid, house_no, street, post_office, district, state, country, pin_code, profile_id) FROM stdin;
1	5ff1c37a-24ab-4106-ae53-51c69da27630	house no. 30	Galaxy Rd	Kanimangalam PO	Thrissur	Kerala	India	680017	6c0194c1-6e92-4873-8bea-bd482722669b
2	942f13f1-8803-4666-9185-e882c5572c07	house number 30	Galaxy Rd	Kanimangalam PO	Thrissur	Kerala	India	680027	6c0194c1-6e92-4873-8bea-bd482722669b
3	04ffbe06-e6a8-451f-b4b5-c28d4bfc4823	house number 30	Galaxy Rd	Kanimangalam PO	Thrissur	Kerala	India	680000	4303037d-8195-4b56-829a-7ffe492d6bfe
4	6bca04fa-b56d-49c2-b84a-8602f84a5ab7		Galaxy Rd	Kanimangalam PO	Thrissur	Kerala	India	680007	4303037d-8195-4b56-829a-7ffe492d6bfe
5	14d386c7-3be8-4e96-ba68-5a53ea0b7d50	house no. 30	Galaxy Rd	Kanimangalam PO	Thrissur	Kerala	India	680027	6c0194c1-6e92-4873-8bea-bd482722669b
6	232e440f-9012-4468-926e-0716c52656dd	house number 30	Galaxy Rd	Kanimangalam PO	Thrissur	Kerala	India	680027	92e713c1-3400-4be1-98e6-6c07ad9de35b
7	cc6c5f44-bd80-4a5d-96e3-ac590f970492	house number 40	Galaxy Road	Kanimangalam PO	Thrissur	Kerala	India	680027	6c0194c1-6e92-4873-8bea-bd482722669b
8	4e7b7975-d896-41c6-aa3a-b921f89b6a97	house no 55	Gly Road	Kanimangalam PO	Thrissur	Kerala	India	680027	6c0194c1-6e92-4873-8bea-bd482722669b
\.


--
-- Data for Name: accounts_profile; Type: TABLE DATA; Schema: public; Owner: postgres
--

COPY public.accounts_profile (uid, created_at, updated_at, is_email_verified, email_token, user_id, slug, phone_number) FROM stdin;
51b8a5e4-33f8-47ee-8526-d3228d3a7ad6	2024-08-28 21:26:23.750884+05:30	2024-08-28 21:26:23.750884+05:30	f	16aea94c-7511-4f20-9ac9-e2ee58528da2	36	\N	
6c0194c1-6e92-4873-8bea-bd482722669b	2024-10-24 21:45:19.15265+05:30	2024-10-23 18:16:31.943276+05:30	t	56bd1945-4614-48e9-879c-2f07327917f6	63	ravi-raman	9567743630
4303037d-8195-4b56-829a-7ffe492d6bfe	2024-10-28 12:16:43.886095+05:30	2024-10-28 11:56:01.532286+05:30	t	76f8e797-f3f6-42e3-bacd-05afa22b402c	64	rojin-saji	9567743636
7fd29e98-74ca-42e2-b6f1-4b3e23008214	2024-11-11 12:33:42.707325+05:30	2024-11-11 12:33:00.34456+05:30	t	7602f9dc-a255-4932-8627-c2acf47c5381	65	blaaa-blaaa	9567743636
5cdc01cb-e303-4dea-a0f7-94c222614691	2024-09-05 17:59:40.438795+05:30	2024-09-05 17:41:30.666911+05:30	t	ac4ce920-6629-4301-8b41-d8f9309e6918	41	\N	
2e11ffe8-44bf-4ac9-9d0e-9e5c54efc8ff	2024-09-05 18:01:11.640877+05:30	2024-09-05 18:00:45.583185+05:30	t	0131b430-4be8-4fd7-8799-95b16fd3d7c1	42	\N	
9fb0746d-81d2-4b11-b873-3c27d6982e8c	2024-09-05 18:34:49.510084+05:30	2024-09-05 18:34:21.977891+05:30	t	dcc571ec-a4f2-4fd1-b38b-7e66fe519d63	43	\N	
9d58eeca-1e8b-4f1f-9602-4c0820556edc	2024-09-07 09:34:57.684533+05:30	2024-09-07 09:34:19.15672+05:30	t	5e0ccda5-39c2-4bdf-9f6e-83281b6b15a4	44	\N	
fe8cd601-2970-4a58-807c-05cf8d8ea044	2024-09-10 17:56:16.302865+05:30	2024-09-10 17:56:16.302865+05:30	f	1017d799-5d94-4705-ab54-616c5a7ad4cf	45	\N	
93f4b0c7-9696-4d35-b63b-f44f8708f86e	2024-09-13 13:43:37.95818+05:30	2024-09-13 13:43:37.95818+05:30	f	b5dca793-d41a-4dcb-ad1b-c683d87fed48	46	\N	
ff37612b-b784-43d9-bd87-b89e6f2c322c	2024-09-13 13:52:38.393039+05:30	2024-09-13 13:52:38.393039+05:30	f	81efe1b9-8902-4994-8264-999990fa76c8	47	\N	
532e1262-271c-49fe-b2ea-e59e6f865bf7	2024-09-13 17:11:32.412704+05:30	2024-09-13 17:11:02.455716+05:30	t	a0c4f78c-d0a8-4ad0-89a1-d1849ff06501	48	\N	
1ffe3fd8-c8e8-4331-b6d3-87c97e9af209	2024-09-25 14:21:08.320778+05:30	2024-09-25 14:21:08.320778+05:30	f	bbcdef14-e2df-425f-88a3-f091a621a7a1	49	\N	
7769d158-caed-4156-bc86-d5a052d7243b	2024-09-25 20:52:14.646198+05:30	2024-09-25 20:52:14.646198+05:30	f	b0137cfd-3e36-4ae5-957c-942b456b354b	50	\N	
d6091501-a619-48d5-a189-7e2fb116cd4b	2024-09-28 13:20:30.466878+05:30	2024-09-28 13:20:04.351547+05:30	t	e632450c-be18-4e6c-a656-7b70e9f15a8d	51	\N	
f1a6ffad-e0a7-422d-982b-6fb4853aab1c	2024-10-21 18:11:02.68007+05:30	2024-10-21 18:11:02.68007+05:30	t	jbdgb	54	nikhil	
0c285bff-4f1e-45bc-ab5f-d9c09eac22ed	2024-10-21 18:18:13.932131+05:30	2024-10-21 18:17:27.128369+05:30	t	dd479c7f-9bc6-4703-b4fd-5e4d55c9429c	55	nandana-biju	
e35b083e-59db-4db8-b896-edacdd1473fc	2024-10-23 17:39:49.762726+05:30	2024-10-23 17:39:49.762726+05:30	f	4d89a4ae-0721-42b1-93d6-f0ea0a37052f	56	vrishab-n	
083d6b9a-9ec9-4171-a804-3c236cc4d9ea	2024-10-23 17:46:44.178602+05:30	2024-10-23 17:46:44.178602+05:30	f	f49851c5-8a72-4030-be57-9e7adbe58963	57	ragav-s	
3565d4a8-397d-409a-a2fc-36875519a633	2024-10-23 17:49:25.755631+05:30	2024-10-23 17:49:25.755631+05:30	f	f217d953-bac7-46f6-9c9f-c7bbe9cf6e6c	58	john-mathews	
acc06f64-60a0-48c7-84cf-a92cf9c00dd1	2024-10-23 17:52:07.116031+05:30	2024-10-23 17:52:07.116031+05:30	f	3a1e8080-24b1-4c67-8f0a-c79565e658d8	59	johnin-joy	
2788f109-d7a3-4f28-9f92-4b536471db79	2024-10-23 17:58:24.897267+05:30	2024-10-23 17:58:24.897267+05:30	f	4e18762b-4bb3-4ab3-9b61-e0bc86f1c907	60	kevin-t	
df22aaf2-0dba-4626-ace7-3eafc03e66fd	2024-10-23 17:59:58.944641+05:30	2024-10-23 17:59:58.944641+05:30	f	33549ff6-b2b8-4749-942a-9685fceb836f	61	tom-sabu	
8ee778cc-b291-4358-8652-5d2e9c263ca2	2024-10-23 18:05:49.478059+05:30	2024-10-23 18:05:49.478059+05:30	f	c944be20-8053-48e2-8a7a-609592071322	62	athul-t	
92e713c1-3400-4be1-98e6-6c07ad9de35b	2024-11-11 13:43:37.241194+05:30	2024-11-11 13:43:05.584955+05:30	t	5e8c53a8-ac61-49fe-b838-8f29bd56937d	66	joy-john	9567743636
31cac7d1-07f5-4de7-ab78-0ec7ddcc3837	2024-12-03 13:34:07.945135+05:30	2024-12-03 13:33:33.439399+05:30	t	790a5570-228e-44c6-8326-a5c2dee57672	67	sneha-sunny	9567743636
5a14b8f0-e3c7-4b9f-a2c6-6b4fb2f87c5f	2024-12-03 13:36:51.954332+05:30	2024-12-03 13:36:43.912321+05:30	f	0fb6d153-3b4c-459f-b0c8-1928d3cc289d	68	sniya-sam	9567743636
9ab28aca-13f4-4600-8e69-871cb9a6cbbe	2024-12-03 13:39:30.544494+05:30	2024-12-03 13:39:23.657361+05:30	f	d6977547-1dcd-42fe-8fdb-7e60d4b8dd03	71	sniyaaa-sam	9567743636
07a6a237-1a89-4e79-ba01-8cdd32ce169d	2024-12-03 13:42:42.613044+05:30	2024-12-03 13:42:34.305683+05:30	f	a728100d-e6b7-45e6-b451-2400a4d92de1	73	snaaa-sam	9567743636
61882695-5305-460d-940d-96fae09739c8	2024-12-03 13:48:17.163282+05:30	2024-12-03 13:48:09.715762+05:30	f	d2dd66e2-4a67-4b99-8b0a-a5abde4240a1	74	niya-joseph	9567743036
343ef685-2b50-47d4-b5e4-d79bcc609039	2024-12-03 13:50:43.753492+05:30	2024-12-03 13:49:53.474511+05:30	t	76f8a89e-8c7b-44dc-8b78-836411c648fb	75	nima-george	9567743633
025ce9f6-f211-44c0-9f95-298303fe8810	2024-12-26 14:39:52.036696+05:30	2024-12-26 14:39:21.388491+05:30	t	74e89c86-127f-4ac3-a816-464c324f31ad	76	ancy-varghese	9567743636
\.


--
-- Data for Name: auth_group; Type: TABLE DATA; Schema: public; Owner: postgres
--

COPY public.auth_group (id, name) FROM stdin;
\.


--
-- Data for Name: auth_group_permissions; Type: TABLE DATA; Schema: public; Owner: postgres
--

COPY public.auth_group_permissions (id, group_id, permission_id) FROM stdin;
\.


--
-- Data for Name: auth_permission; Type: TABLE DATA; Schema: public; Owner: postgres
--

COPY public.auth_permission (id, name, content_type_id, codename) FROM stdin;
1	Can add log entry	1	add_logentry
2	Can change log entry	1	change_logentry
3	Can delete log entry	1	delete_logentry
4	Can view log entry	1	view_logentry
5	Can add permission	2	add_permission
6	Can change permission	2	change_permission
7	Can delete permission	2	delete_permission
8	Can view permission	2	view_permission
9	Can add group	3	add_group
10	Can change group	3	change_group
11	Can delete group	3	delete_group
12	Can view group	3	view_group
13	Can add user	4	add_user
14	Can change user	4	change_user
15	Can delete user	4	delete_user
16	Can view user	4	view_user
17	Can add content type	5	add_contenttype
18	Can change content type	5	change_contenttype
19	Can delete content type	5	delete_contenttype
20	Can view content type	5	view_contenttype
21	Can add session	6	add_session
22	Can change session	6	change_session
23	Can delete session	6	delete_session
24	Can view session	6	view_session
25	Can add category	7	add_category
26	Can change category	7	change_category
27	Can delete category	7	delete_category
28	Can view category	7	view_category
29	Can add product	8	add_product
30	Can change product	8	change_product
31	Can delete product	8	delete_product
32	Can view product	8	view_product
33	Can add product image	9	add_productimage
34	Can change product image	9	change_productimage
35	Can delete product image	9	delete_productimage
36	Can view product image	9	view_productimage
37	Can add profile	10	add_profile
38	Can change profile	10	change_profile
39	Can delete profile	10	delete_profile
40	Can view profile	10	view_profile
41	Can add site	11	add_site
42	Can change site	11	change_site
43	Can delete site	11	delete_site
44	Can view site	11	view_site
45	Can add email address	12	add_emailaddress
46	Can change email address	12	change_emailaddress
47	Can delete email address	12	delete_emailaddress
48	Can view email address	12	view_emailaddress
49	Can add email confirmation	13	add_emailconfirmation
50	Can change email confirmation	13	change_emailconfirmation
51	Can delete email confirmation	13	delete_emailconfirmation
52	Can view email confirmation	13	view_emailconfirmation
53	Can add social account	14	add_socialaccount
54	Can change social account	14	change_socialaccount
55	Can delete social account	14	delete_socialaccount
56	Can view social account	14	view_socialaccount
57	Can add social application	15	add_socialapp
58	Can change social application	15	change_socialapp
59	Can delete social application	15	delete_socialapp
60	Can view social application	15	view_socialapp
61	Can add social application token	16	add_socialtoken
62	Can change social application token	16	change_socialtoken
63	Can delete social application token	16	delete_socialtoken
64	Can view social application token	16	view_socialtoken
65	Can add size variant	17	add_sizevariant
66	Can change size variant	17	change_sizevariant
67	Can delete size variant	17	delete_sizevariant
68	Can view size variant	17	view_sizevariant
69	Can add cart	18	add_cart
70	Can change cart	18	change_cart
71	Can delete cart	18	delete_cart
72	Can view cart	18	view_cart
73	Can add cart item	19	add_cartitem
74	Can change cart item	19	change_cartitem
75	Can delete cart item	19	delete_cartitem
76	Can view cart item	19	view_cartitem
77	Can add address	20	add_address
78	Can change address	20	change_address
79	Can delete address	20	delete_address
80	Can view address	20	view_address
81	Can add coupon	21	add_coupon
82	Can change coupon	21	change_coupon
83	Can delete coupon	21	delete_coupon
84	Can view coupon	21	view_coupon
85	Can add order item	22	add_orderitem
86	Can change order item	22	change_orderitem
87	Can delete order item	22	delete_orderitem
88	Can view order item	22	view_orderitem
89	Can add order	23	add_order
90	Can change order	23	change_order
91	Can delete order	23	delete_order
92	Can view order	23	view_order
93	Can add wallet	24	add_wallet
94	Can change wallet	24	change_wallet
95	Can delete wallet	24	delete_wallet
96	Can view wallet	24	view_wallet
97	Can add transaction	25	add_transaction
98	Can change transaction	25	change_transaction
99	Can delete transaction	25	delete_transaction
100	Can view transaction	25	view_transaction
101	Can add wishlist item	26	add_wishlistitem
102	Can change wishlist item	26	change_wishlistitem
103	Can delete wishlist item	26	delete_wishlistitem
104	Can view wishlist item	26	view_wishlistitem
105	Can add wishlist	27	add_wishlist
106	Can change wishlist	27	change_wishlist
107	Can delete wishlist	27	delete_wishlist
108	Can view wishlist	27	view_wishlist
109	Can add Category Offer	28	add_categoryoffer
110	Can change Category Offer	28	change_categoryoffer
111	Can delete Category Offer	28	delete_categoryoffer
112	Can view Category Offer	28	view_categoryoffer
113	Can add referral offer	29	add_referraloffer
114	Can change referral offer	29	change_referraloffer
115	Can delete referral offer	29	delete_referraloffer
116	Can view referral offer	29	view_referraloffer
117	Can add Product Offer	30	add_productoffer
118	Can change Product Offer	30	change_productoffer
119	Can delete Product Offer	30	delete_productoffer
120	Can view Product Offer	30	view_productoffer
\.


--
-- Data for Name: auth_user; Type: TABLE DATA; Schema: public; Owner: postgres
--

COPY public.auth_user (id, password, last_login, is_superuser, username, first_name, last_name, email, is_staff, is_active, date_joined) FROM stdin;
58	pbkdf2_sha256$870000$43K8ekaib0nHbXon6lgDt1$w2G+aGWaa3/xPapw2p/IKv6KOTzCkM8E8mlYY817r1M=	\N	f	john@yopmail.com	John	Mathews	john@yopmail.com	f	t	2024-10-23 17:49:25.731172+05:30
46	!X4c4F4fO9ehnDxB3X9Tn3DxLHN98NRGKkw97bViG	2024-09-13 13:43:42.220146+05:30	f	arun	Arun	S	arunsudhakaran01@gmail.com	f	t	2024-09-13 13:43:37.900811+05:30
47	!RhqJS7nLA7QC8FyD6Av2rFoqwGGTVKisPCYqmK8c	2024-09-13 13:52:42.446871+05:30	f	dhinu	dhinu	Cphilip	dhinucphilip102001@gmail.com	f	t	2024-09-13 13:52:38.341891+05:30
59	pbkdf2_sha256$870000$cjfdpnEeL0xVyUVVclLJZS$9ptvnRFNTR8kO/cjRtfnLg/xzYRymDpvMS3d3Ji6xK4=	\N	f	john34@yopmail.com	Johnin	Joy	john34@yopmail.com	f	t	2024-10-23 17:52:07.112022+05:30
60	pbkdf2_sha256$870000$59VzhIAGmFJfbbii4pGC2I$77igESkQJjonKEp3fJjnRS1wgve9Q1RfLpVygv5QcXA=	\N	f	kevin@yopmail.com	Kevin	T	kevin@yopmail.com	f	t	2024-10-23 17:58:24.890314+05:30
61		\N	f	tom@yopmail.com	Tom	Sabu	tom@yopmail.com	f	t	2024-10-23 17:59:58.944641+05:30
62		\N	f	athul@yopmail.com	Athul	T	athul@yopmail.com	f	t	2024-10-23 18:05:49.478059+05:30
49	pbkdf2_sha256$870000$YwYot4MzL31tjm4kcBumNz$QPmI5rt0+wwhFz4XtC1uiJO5YItDQwfSBJXWLR8sWYs=	\N	f	angelasabu@gmail.com	*	**	angelasabu@gmail.com	f	f	2024-09-25 14:21:08.296742+05:30
48	pbkdf2_sha256$870000$vYghSKxOTi7up4Z7P1a6L4$Elq4Aievqq73V2RhswH9do5dEaAyyw4Ed0mIlNJxxPU=	\N	f	razal@yopmail.com	*	*	razal@yopmail.com	f	t	2024-09-13 17:11:02.439851+05:30
42	pbkdf2_sha256$870000$FRoa00BAYYxKFQl3uwIds1$LVV1UFAOwuFl/Cf2Hvy1N3EjF2JURGcMEzAhqLT0E9M=	\N	f	angela@yopmail.com	Angela	Sabu	angela@yopmail.com	f	t	2024-09-05 18:00:45.583185+05:30
43	pbkdf2_sha256$870000$HGNZEgSvqjOlJGa61e0glj$et3BHHqRL6BLVudqtmMp6sbRyM4jFnJz5lV6egGq694=	\N	f	elbin@yopmail.com	Elbin	Shiby	elbin@yopmail.com	f	t	2024-09-05 18:34:21.977891+05:30
44	pbkdf2_sha256$870000$9mMZMDpHNZJ1nfwG6hUMd2$H4LiD+LUUmVQa7Awo2YRlYOXHoBOgbm7vfrnqBm+hn8=	\N	f	rogin@yopmail.com	rogin	saji	rogin@yopmail.com	f	t	2024-09-07 09:34:19.139496+05:30
36	pbkdf2_sha256$870000$HtuLoKDVw7mpDylbYUascS$Co3plRg5XZXY7k4ED97Bz9TdKqUhachqiwiod3m6HO0=	2025-01-01 19:10:44.352747+05:30	t	angela			angelasabu123@gmail.com	t	t	2024-08-28 21:26:23.217898+05:30
67	pbkdf2_sha256$870000$Bk5IzBRTnZ5CMfpcxTUo2D$ekLnvG2lQzEyjANhke50PrxecglybcwpUgsFqdFFHbQ=	2024-12-03 13:34:24.270146+05:30	f	sneha@yopmail.com	Sneha	Sunny	sneha@yopmail.com	f	t	2024-12-03 13:33:33.355589+05:30
50	pbkdf2_sha256$870000$joTNgvaurxfk3OotFuskwG$tQg85NiUscobP0CCT7GBWz6pd0mlngX3xciTOQysxLc=	\N	f	kiran@yopmail.com	Kiran	Biju	kiran@yopmail.com	f	t	2024-09-25 20:52:14.609686+05:30
65	pbkdf2_sha256$870000$SpC5SjMz6HTODUKaF27IUf$FIj9bk/lpB+fuqWdHnajWBSkmMEADWT9RS/6+n8GVmg=	2024-11-11 12:34:00.141333+05:30	f	blaa@yopmail.com	Blaaa	Blaaa	blaa@yopmail.com	f	t	2024-11-11 12:33:00.320668+05:30
41	pbkdf2_sha256$870000$2mWTPqfvZOWOlnwMV7btUS$tlHU4+QICVx3V/+HrG3ENJ8I9EPp+trU7v148MV2LRU=	2024-10-28 11:53:18.034318+05:30	f	sadique@yopmail.com	Sadique	VS	sadique@yopmail.com	f	t	2024-09-05 17:41:30.640976+05:30
51	pbkdf2_sha256$870000$77UZb9xRJt776xfACxlryb$5mJ3AJzYITyzHRG7WBGLx3PN1VzEkBHE3LKZihBETZM=	2024-09-28 13:21:05.523594+05:30	f	ashin@yopmail.com	Ashin	Joy	ashin@yopmail.com	f	t	2024-09-28 13:20:04.315174+05:30
68	pbkdf2_sha256$870000$uLq83v71jU1NKiyh1VuoDx$KqlUyZ6EMJJ2g7fH8EHRqxLgTUaZoabS7h6nYn0rVUg=	\N	f	sniya@yopmail.com	Sniya	Sam	sniya@yopmail.com	f	t	2024-12-03 13:36:43.837928+05:30
52	pbkdf2_sha256$870000$mEOVrDJ5rSL77dSTp9vxbS$5Y9Wkp5EItavw3Lja6n3PVn5uwgcJnoI2xOHeHBDFu8=	\N	f	geo@yopmail.com	Geo	Paulson	geo@yopmail.com	f	t	2024-10-21 17:58:53.456879+05:30
55	pbkdf2_sha256$870000$B6xKLoMEq28533qD5K5dE0$9CmRPxQrvQujtpWq2H3XwlL+RSkf0xyfmaeUSHd0qLk=	2024-10-23 15:00:03.151924+05:30	f	nandana@yopmail.com	Nandana	Biju	nandana@yopmail.com	f	t	2024-10-21 18:17:27.119058+05:30
64	pbkdf2_sha256$870000$qnL5pfgP4VQnCPnwEiTyOn$Csw/J/Qxk4HTH8PrazS3axIfkxoLREXh0lDZstzHrWk=	2024-10-28 11:56:46.897175+05:30	f	rojinsaji@yopmail.com	Rojin	Saji	rojinsaji@yopmail.com	f	t	2024-10-28 11:56:01.532286+05:30
53	pbkdf2_sha256$870000$jEL6bHk6xMFevy423W7aku$b/UcCwREz2iTnMK0IdHm6HLzs4+KtH1oSvCYqZZWTC8=	\N	f	nikhila@yopmail.com	Nikhila	P	nikhila@yopmail.com	f	t	2024-10-21 18:02:49.911515+05:30
56	pbkdf2_sha256$870000$nbpTDabuP9QtylGyfiIzvo$hVDLawMRog5ynBYof51e8UlOjjqyKDvYtEIOqb7OM48=	\N	f	vrishab@yopmail.com	Vrishab	N	vrishab@yopmail.com	f	t	2024-10-23 17:39:49.762726+05:30
57	pbkdf2_sha256$870000$W9gl8W1cWF5pvPIPgg258N$pRzJPwwgmrqt+M+YCr2Vb1Zm5V35pvqaFzXX26IRsQU=	\N	f	ragav@yopmail.com	Ragav	S	ragav@yopmail.com	f	t	2024-10-23 17:46:44.178602+05:30
71	pbkdf2_sha256$870000$jtXy42pZwkn14URXnmDYQK$B2zJ/bBoJTLAbnRFnZI5TeHQ1spIocENu/8qH6zw8GM=	\N	f	sniyaaa@yopmail.com	Sniyaaa	Sam	sniyaaa@yopmail.com	f	t	2024-12-03 13:39:23.576471+05:30
73	pbkdf2_sha256$870000$Wq1RBCyV3jkxVQOQTQYgKX$rLfjA7u5GiQ2M0T3yFrTUPPjNwXIA0mWFq855OWgfs0=	\N	f	snaaa@yopmail.com	Snaaa	Sam	snaaa@yopmail.com	f	t	2024-12-03 13:42:34.204625+05:30
66	pbkdf2_sha256$870000$p3GCtTbIXCF16hJb5yxVVW$+PZ1nhp7IT0p/+bGheyVRfw3AzEJx6CrYWwQnoDPFNc=	2024-12-06 10:43:26.431249+05:30	f	joy@yopmail.com	Joy	John	joy@yopmail.com	f	t	2024-11-11 13:43:05.574995+05:30
74	pbkdf2_sha256$870000$SB9CeOAaNMFbYetW0kBikr$0IKL3YaAYVI9ArFxAreCWJxyqgeJg/VVfgZtxRDe+q8=	\N	f	niya@yopmail.com	Niya	Joseph	niya@yopmail.com	f	t	2024-12-03 13:48:09.640327+05:30
75	pbkdf2_sha256$870000$dBiu4achbERJaFaVUoJwqp$ZuyANCZMeuPvN0vBMOG145K/ETjHLx09J696Ckj6Xog=	2024-12-03 13:50:59.847047+05:30	f	nima@yopmail.com	Nima	George	nima@yopmail.com	f	t	2024-12-03 13:49:53.403899+05:30
76	pbkdf2_sha256$870000$OYLzVe2FtONWr7T10wanq3$q2Y5Q1TFaXM1TRb26zVIy4kjlO4cxA1wSwMv/H+QLEY=	\N	f	ancy@yopmail.com	Ancy	Varghese	ancy@yopmail.com	f	t	2024-12-26 14:39:21.231369+05:30
54	pbkdf2_sha256$870000$aosCM89iMFvTRw5q4xfjrq$Q/PBk9b1i1ie4J2yJ901GD7YmURFb2Y7DhdgNvip8UQ=	2024-10-21 18:11:34+05:30	f	nikhil@yopmail.com	Nikhil	Kilivayil		f	f	2024-10-21 18:05:49+05:30
45	!s77zc2xC104ZJjXlu1KlWGMffK2ZgmKrJI3MyqrA	2024-12-26 14:48:19.047948+05:30	f	angela0	Angela	Sabu	angelasabu66@gmail.com	f	t	2024-09-10 17:56:16.241164+05:30
63	pbkdf2_sha256$870000$xgQBetrtImVIH0ha2yGjrS$8jZuququY1/YxsCWrRN4ktAJR36uYEg96vOFtVeZ+1c=	2024-12-29 21:23:29.288133+05:30	f	ravi@yopmail.com	Ravina	Raman	ravina@yopmail.com	f	t	2024-10-23 18:16:31.938441+05:30
\.


--
-- Data for Name: auth_user_groups; Type: TABLE DATA; Schema: public; Owner: postgres
--

COPY public.auth_user_groups (id, user_id, group_id) FROM stdin;
\.


--
-- Data for Name: auth_user_user_permissions; Type: TABLE DATA; Schema: public; Owner: postgres
--

COPY public.auth_user_user_permissions (id, user_id, permission_id) FROM stdin;
\.


--
-- Data for Name: cart_cart; Type: TABLE DATA; Schema: public; Owner: postgres
--

COPY public.cart_cart (id, cart_id, date_added, profile_id) FROM stdin;
2		2024-10-28	6c0194c1-6e92-4873-8bea-bd482722669b
3		2024-10-28	5cdc01cb-e303-4dea-a0f7-94c222614691
4		2024-11-11	92e713c1-3400-4be1-98e6-6c07ad9de35b
5		2024-12-02	51b8a5e4-33f8-47ee-8526-d3228d3a7ad6
\.


--
-- Data for Name: cart_cartitem; Type: TABLE DATA; Schema: public; Owner: postgres
--

COPY public.cart_cartitem (id, quantity, is_active, cart_id, product_id, size_variant_id, total) FROM stdin;
68	2	t	5	9f61677b-ea94-43eb-948f-eec0e158a37b	972c83a2-c9d6-4e04-a40d-d0541037c46c	1000
53	1	t	4	9f61677b-ea94-43eb-948f-eec0e158a37b	972c83a2-c9d6-4e04-a40d-d0541037c46c	500
80	1	t	5	5d7721fa-3f2e-417c-8975-7053894b81d5	bc6217d5-2024-435e-a495-9e33f10fafc6	1000
67	2	t	5	9f61677b-ea94-43eb-948f-eec0e158a37b	01fe00b2-73bb-4bcb-b8cb-7ad5cf03c58a	2000
69	1	t	5	33601507-1497-403f-b0f1-83622c78748a	7146c028-cf8b-4eae-b302-0f646d0e247a	1200
\.


--
-- Data for Name: cart_coupon; Type: TABLE DATA; Schema: public; Owner: postgres
--

COPY public.cart_coupon (id, coupon_code, percentage, "limit", total_coupons, expiry_date, is_active, created_at, updated_at) FROM stdin;
5	OFF10	10.00	1000.00	100	2025-01-11 05:30:00+05:30	t	2024-12-03 12:11:04.667399+05:30	2024-12-25 15:31:45.595567+05:30
6	TEST20	20.00	2000.00	100	2025-01-17 05:30:00+05:30	t	2024-12-03 14:19:03.3551+05:30	2024-12-25 15:57:17.477563+05:30
\.


--
-- Data for Name: cart_wishlist; Type: TABLE DATA; Schema: public; Owner: postgres
--

COPY public.cart_wishlist (id, date_added, profile_id) FROM stdin;
1	2024-11-28	6c0194c1-6e92-4873-8bea-bd482722669b
2	2024-12-02	51b8a5e4-33f8-47ee-8526-d3228d3a7ad6
\.


--
-- Data for Name: cart_wishlistitem; Type: TABLE DATA; Schema: public; Owner: postgres
--

COPY public.cart_wishlistitem (id, is_active, created_at, product_id, size_variant_id, wishlist_id) FROM stdin;
19	t	2024-12-02 19:04:00.555555+05:30	9f61677b-ea94-43eb-948f-eec0e158a37b	972c83a2-c9d6-4e04-a40d-d0541037c46c	2
20	t	2024-12-02 19:04:55.351731+05:30	9f61677b-ea94-43eb-948f-eec0e158a37b	01fe00b2-73bb-4bcb-b8cb-7ad5cf03c58a	2
25	t	2024-12-11 12:04:28.229115+05:30	33601507-1497-403f-b0f1-83622c78748a	7146c028-cf8b-4eae-b302-0f646d0e247a	1
26	t	2024-12-11 12:07:22.102017+05:30	9f61677b-ea94-43eb-948f-eec0e158a37b	01fe00b2-73bb-4bcb-b8cb-7ad5cf03c58a	1
\.


--
-- Data for Name: django_admin_log; Type: TABLE DATA; Schema: public; Owner: postgres
--

COPY public.django_admin_log (id, action_time, object_id, object_repr, action_flag, change_message, content_type_id, user_id) FROM stdin;
4	2024-08-29 16:00:31.936888+05:30	c19bb421-5782-450f-ab5a-4f59424daa98	Brownies	1	[{"added": {}}]	7	36
5	2024-08-29 16:39:06.043502+05:30	c14c9d7e-ebb9-495d-abd3-f766ffbbdb99	Chocolate Truffle Cake	1	[{"added": {}}, {"added": {"name": "product image", "object": "ProductImage object (34715f0b-47b0-4ea7-b3cb-822f8ecca9e2)"}}, {"added": {"name": "product image", "object": "ProductImage object (a1aa8efa-8272-44ab-80ad-8b708b8b5a06)"}}, {"added": {"name": "product image", "object": "ProductImage object (8ad7e8fd-9858-4df8-b537-cb4192277753)"}}]	8	36
6	2024-09-10 11:01:10.904336+05:30	1	example.com	3		11	36
7	2024-09-10 11:02:19.677839+05:30	2	http://127.0.0.1:8000	1	[{"added": {}}]	11	36
8	2024-09-10 11:55:55.222378+05:30	1	google	1	[{"added": {}}]	15	36
9	2024-09-13 10:11:32.16569+05:30	c14c9d7e-ebb9-495d-abd3-f766ffbbdb99	Chocolate Truffle Cake	2	[{"changed": {"fields": ["Stock"]}}]	8	36
10	2024-09-13 10:47:10.304254+05:30	c14c9d7e-ebb9-495d-abd3-f766ffbbdb99	Chocolate Truffle Cake	2	[{"changed": {"fields": ["Stock"]}}]	8	36
11	2024-09-13 10:50:02.887006+05:30	c14c9d7e-ebb9-495d-abd3-f766ffbbdb99	Chocolate Truffle Cake	2	[{"changed": {"fields": ["Stock"]}}]	8	36
12	2024-09-13 10:55:50.649915+05:30	c14c9d7e-ebb9-495d-abd3-f766ffbbdb99	Chocolate Truffle Cake	2	[{"changed": {"fields": ["Stock"]}}]	8	36
13	2024-09-13 10:56:16.29374+05:30	c14c9d7e-ebb9-495d-abd3-f766ffbbdb99	Chocolate Truffle Cake	2	[{"changed": {"fields": ["Stock"]}}]	8	36
14	2024-09-13 17:26:39.982246+05:30	c14c9d7e-ebb9-495d-abd3-f766ffbbdb99	Chocolate Truffle Cake	2	[{"changed": {"fields": ["Stock"]}}]	8	36
15	2024-10-21 18:05:49.763121+05:30	54	nikhil@yopmail.com	1	[{"added": {}}]	4	36
16	2024-10-21 18:11:02.685222+05:30	f1a6ffad-e0a7-422d-982b-6fb4853aab1c	Profile object (f1a6ffad-e0a7-422d-982b-6fb4853aab1c)	1	[{"added": {}}]	10	36
17	2024-10-21 18:13:34.794587+05:30	54	nikhil@yopmail.com	2	[{"changed": {"fields": ["First name", "Last name"]}}]	4	36
18	2024-12-03 10:36:13.771377+05:30	33601507-1497-403f-b0f1-83622c78748a	Blueberry Cheese Cake	2	[{"added": {"name": "product image", "object": "ProductImage object (44238ca0-f37c-4f83-8431-ace9f0829868)"}}, {"added": {"name": "product image", "object": "ProductImage object (5b664a91-99f8-4e14-8408-769e28e73e22)"}}, {"added": {"name": "product image", "object": "ProductImage object (d6e9d97f-fa71-4109-a31e-c389f70eb8dc)"}}]	8	36
\.


--
-- Data for Name: django_content_type; Type: TABLE DATA; Schema: public; Owner: postgres
--

COPY public.django_content_type (id, app_label, model) FROM stdin;
1	admin	logentry
2	auth	permission
3	auth	group
4	auth	user
5	contenttypes	contenttype
6	sessions	session
7	products	category
8	products	product
9	products	productimage
10	accounts	profile
11	sites	site
12	account	emailaddress
13	account	emailconfirmation
14	socialaccount	socialaccount
15	socialaccount	socialapp
16	socialaccount	socialtoken
17	products	sizevariant
18	cart	cart
19	cart	cartitem
20	accounts	address
21	cart	coupon
22	orders	orderitem
23	orders	order
24	orders	wallet
25	orders	transaction
26	cart	wishlistitem
27	cart	wishlist
28	offer	categoryoffer
29	offer	referraloffer
30	offer	productoffer
\.


--
-- Data for Name: django_migrations; Type: TABLE DATA; Schema: public; Owner: postgres
--

COPY public.django_migrations (id, app, name, applied) FROM stdin;
1	contenttypes	0001_initial	2024-08-23 17:59:09.704477+05:30
2	auth	0001_initial	2024-08-23 17:59:09.898718+05:30
3	accounts	0001_initial	2024-08-23 17:59:09.927102+05:30
4	admin	0001_initial	2024-08-23 17:59:09.975369+05:30
5	admin	0002_logentry_remove_auto_add	2024-08-23 17:59:09.986597+05:30
6	admin	0003_logentry_add_action_flag_choices	2024-08-23 17:59:10.001106+05:30
7	contenttypes	0002_remove_content_type_name	2024-08-23 17:59:10.026813+05:30
8	auth	0002_alter_permission_name_max_length	2024-08-23 17:59:10.041929+05:30
9	auth	0003_alter_user_email_max_length	2024-08-23 17:59:10.05806+05:30
10	auth	0004_alter_user_username_opts	2024-08-23 17:59:10.075179+05:30
11	auth	0005_alter_user_last_login_null	2024-08-23 17:59:10.089299+05:30
12	auth	0006_require_contenttypes_0002	2024-08-23 17:59:10.093551+05:30
13	auth	0007_alter_validators_add_error_messages	2024-08-23 17:59:10.109594+05:30
14	auth	0008_alter_user_username_max_length	2024-08-23 17:59:10.132752+05:30
15	auth	0009_alter_user_last_name_max_length	2024-08-23 17:59:10.14227+05:30
16	auth	0010_alter_group_name_max_length	2024-08-23 17:59:10.154215+05:30
17	auth	0011_update_proxy_permissions	2024-08-23 17:59:10.170676+05:30
18	auth	0012_alter_user_first_name_max_length	2024-08-23 17:59:10.181831+05:30
19	products	0001_initial	2024-08-23 17:59:10.255013+05:30
20	sessions	0001_initial	2024-08-23 17:59:10.276474+05:30
21	account	0001_initial	2024-09-10 10:13:07.650497+05:30
22	account	0002_email_max_length	2024-09-10 10:13:07.677705+05:30
23	account	0003_alter_emailaddress_create_unique_verified_email	2024-09-10 10:13:07.714402+05:30
24	account	0004_alter_emailaddress_drop_unique_email	2024-09-10 10:13:07.769572+05:30
25	account	0005_emailaddress_idx_upper_email	2024-09-10 10:13:07.795301+05:30
26	account	0006_emailaddress_lower	2024-09-10 10:13:07.819919+05:30
27	account	0007_emailaddress_idx_email	2024-09-10 10:13:07.860896+05:30
28	account	0008_emailaddress_unique_primary_email_fixup	2024-09-10 10:13:07.883704+05:30
29	account	0009_emailaddress_unique_primary_email	2024-09-10 10:13:07.908966+05:30
30	sites	0001_initial	2024-09-10 10:13:07.9209+05:30
31	sites	0002_alter_domain_unique	2024-09-10 10:13:07.935109+05:30
32	socialaccount	0001_initial	2024-09-10 10:13:08.073498+05:30
33	socialaccount	0002_token_max_lengths	2024-09-10 10:13:08.109207+05:30
34	socialaccount	0003_extra_data_default_dict	2024-09-10 10:13:08.124363+05:30
35	socialaccount	0004_app_provider_id_settings	2024-09-10 10:13:08.169887+05:30
36	socialaccount	0005_socialtoken_nullable_app	2024-09-10 10:13:08.208095+05:30
37	socialaccount	0006_alter_socialaccount_extra_data	2024-09-10 10:13:08.257734+05:30
38	products	0002_product_stock	2024-09-12 18:12:35.677851+05:30
39	products	0003_product_is_active	2024-09-13 10:15:46.709504+05:30
40	products	0004_category_is_active	2024-09-13 12:15:26.105514+05:30
41	products	0005_sizevariant_product_size_variant	2024-10-06 16:10:45.561359+05:30
42	products	0006_alter_product_size_variant	2024-10-07 11:16:46.570816+05:30
43	cart	0001_initial	2024-10-07 11:16:46.679417+05:30
44	cart	0002_remove_cart_is_active_remove_cart_product_and_more	2024-10-14 15:51:27.835822+05:30
45	cart	0003_remove_cartitem_cart_remove_cartitem_product_and_more	2024-10-16 18:13:13.496295+05:30
46	products	0007_remove_product_price_remove_product_size_variant_and_more	2024-10-16 18:13:13.600919+05:30
47	accounts	0002_profile_slug	2024-10-21 18:10:30.144213+05:30
48	accounts	0003_remove_profile_profile_image_profile_address	2024-10-23 10:06:16.466177+05:30
49	accounts	0004_profile_phone_number	2024-10-23 17:34:06.754866+05:30
50	accounts	0005_alter_profile_phone_number	2024-10-23 17:34:59.560463+05:30
51	accounts	0006_remove_profile_address_address	2024-10-24 18:07:17.411023+05:30
52	accounts	0007_alter_address_house_no_alter_address_pin_code	2024-10-24 18:10:11.833173+05:30
53	accounts	0008_delete_address	2024-10-24 21:17:43.465564+05:30
54	accounts	0009_address	2024-10-24 21:17:43.564376+05:30
55	cart	0004_initial	2024-10-25 19:31:29.225755+05:30
56	cart	0005_cartitem_size_variant	2024-10-26 09:46:35.615143+05:30
57	cart	0006_cartitem_total	2024-10-26 19:28:01.36381+05:30
58	cart	0007_cart_profile	2024-10-28 10:52:20.886839+05:30
59	cart	0008_alter_cart_profile	2024-10-28 10:52:35.741364+05:30
60	cart	0009_coupon	2024-11-06 12:42:29.808018+05:30
61	orders	0001_initial	2024-11-08 21:14:26.811952+05:30
62	orders	0002_order_order_note	2024-11-09 10:27:47.424063+05:30
63	orders	0003_alter_order_order_note	2024-11-09 10:28:08.260747+05:30
64	orders	0004_alter_order_profile	2024-11-09 20:15:26.08775+05:30
65	orders	0005_alter_order_status	2024-11-10 15:20:07.831315+05:30
66	orders	0006_alter_order_order_note	2024-11-23 15:12:01.982364+05:30
67	orders	0007_wallet_transaction	2024-11-25 21:29:42.806067+05:30
68	cart	0010_wishlist_wishlistitem	2024-11-28 19:13:23.983749+05:30
69	offer	0001_initial	2024-12-01 15:47:08.152053+05:30
70	offer	0002_productoffer_referraloffer	2024-12-03 13:23:08.616512+05:30
71	orders	0008_orderitem_product	2024-12-09 19:59:22.484666+05:30
72	orders	0009_alter_orderitem_product	2024-12-09 20:03:50.716313+05:30
73	orders	0010_alter_orderitem_product	2024-12-09 20:03:50.755369+05:30
74	orders	0011_order_razorpay_order_id_order_razorpay_payment_id_and_more	2024-12-11 10:42:52.364649+05:30
\.


--
-- Data for Name: django_session; Type: TABLE DATA; Schema: public; Owner: postgres
--

COPY public.django_session (session_key, session_data, expire_date) FROM stdin;
vnhrohaz1gvxag87z4vh4hd59x4uhlw5	.eJxVjDsOwyAQRO9CHSFg8QIp0_sM1pqF4Hyw5E8V5e6xIzcu582b-Qji91C7gcUV8CI6WpfSrXOa_kgAihPsKT5T3Rt-UL2PMo51mYZe7oo82lm2I6fX7XBPB4Xmsq0zIkG2pnGcUvYhGqe48Yg69Fp5sFEhNRYMBM6kAuktGZciYPTOZvH9AQFXO88:1t8FXm:-fJGytz3AEZDG6-g046OPrvKFvWWbCzCtkIDrkPf1Ew	2024-11-19 14:38:10.621724+05:30
nco61a3347wz9yg5jyhqibfgvbytcqj3	.eJxVjMsOgjAQRf-la9PQ5xSX7vmGZjpTLGpKQmFl_HclISZszzn3vsXW8hInFldvLiLitpb4R8IbcYIJ6ZnrbviB9T5Lmuu6TEnuiTxsk8PM-XU72tNBwVZ-a2e7TAqT1gocj9aOHZKCngGzCgYsoGMC6gGBAuhgyJNGR4aTMi6Jzxfa9zwu:1t9HZz:YEMfoaRF7R6IOk3ZugMXLCvYrSH5vCUGsPuZrmCf6dY	2024-11-22 11:00:43.305378+05:30
w7pbcjqyy7m5ectbl1avcbagn1zx2hun	.eJxVjDsOwyAQRO9CHSFg8QIp0_sM1pqF4Hyw5E8V5e6xIzcu582b-Qji91C7gcUV8CI6WpfSrXOa_kgAihPsKT5T3Rt-UL2PMo51mYZe7oo82lm2I6fX7XBPB4Xmsq0zIkG2pnGcUvYhGqe48Yg69Fp5sFEhNRYMBM6kAuktGZciYPTOZvH9AQFXO88:1tLLzs:yj2O6hqrSIGL9CmC6EyvIrQHftBx3QFQEvYoy0nN5dc	2024-12-25 18:09:20.567927+05:30
o82rmgwlr573pdvm6co2i8x0vvsawy11	e30:1t0gpp:Iv0_iCgOjmuszSJFm9w4lJ6qjQrzynIT7q-GYZifmno	2024-10-29 18:09:33.832039+05:30
wfg6ed4602h0gs57eb4v2ldcwu8239xn	e30:1t0gr5:7msEyDWnH3_vlEY7ORncKf-uegWks3-8_z_9ye1bpj0	2024-10-29 18:10:51.694028+05:30
d9vpnqwwo9k5v0b58kz2r5f5wcwo73zd	e30:1t0gsf:vPOnqmLJAZBAvdleSTNvKChrko1uSONkRas3m7i2Frk	2024-10-29 18:12:29.461284+05:30
lgw2xgrjcfpwtpyypqrkuwdq57mvr9jb	.eJxVjMsOwiAURP-FtSE8L-DSfb-BXF5SNZCUdmX8d9ukC13OnDPzJh63tfpt5MXPiVyJBHL5LQPGZ24HSQ9s905jb-syB3oo9KSDTj3l1-10_w4qjrqvCwDKooQ2KediXRSGJW0BuAucWakiA9RKCulSQeaQ70mYHCVEa1Qhny_7KTeH:1sp4wE:Kd-Z2SkgvliCgt4yQbfSEqAV-r0S3g-oSsLKxJgw3xc	2024-09-27 17:28:10.584891+05:30
6df3w3964zdx6n13tty5d1ogsezaj4pj	e30:1t0gtu:OhDhqHsxwIVW_j6Bu-FLQJAaws7nWq2vhcXCF5DpRl0	2024-10-29 18:13:46.708792+05:30
deo6c1yb93reez3y5bbcmtb1uif3i8ai	e30:1t0gvN:KkOeSqWGfX1QP5wdnAAQ7ZW4xG0zQ6guJtSaQTAY7zk	2024-10-29 18:15:17.230975+05:30
5u53p2eif43h4rj7jthfkbgugqf1gkco	e30:1t0gx6:n4hGr8nGVbcviKm9gYvrKNMUX0wMNswj_eRGYL_UATM	2024-10-29 18:17:04.077763+05:30
2b62jsomgpxwx7ldyqdcbyjo1hgedwjn	e30:1t0h54:GJ00OPSWmpFr5ET85MJwKcVYdUSBGgVwnjhnUodJsgs	2024-10-29 18:25:18.79816+05:30
67ld0lni4vk8b0v2w33q5ghyc5lohiv8	e30:1t0h5F:4u0duuSJlMqvAqymIzMEhaif6ortiSGrJ91K6Q_USl0	2024-10-29 18:25:29.754271+05:30
8xrfm2nccftu2bb1oc411626fll65mdo	e30:1t0hAY:3ED0MDgAg_EnKD5__QuwT6QhZhS5Ypcvu-SI-g5HLIk	2024-10-29 18:30:58.687013+05:30
len0lu9051s77cmv3o8lytksinh9z73x	.eJxVjMsOwiAURP-FtSE8L-DSfb-BXF5SNZCUdmX8d9ukC13OnDPzJh63tfpt5MXPiVyJBHL5LQPGZ24HSQ9s905jb-syB3oo9KSDTj3l1-10_w4qjrqvCwDKooQ2KediXRSGJW0BuAucWakiA9RKCulSQeaQ70mYHCVEa1Qhny_7KTeH:1stpuB:XO7VvZTwdmb5WR6La9fDCMca_j3wyUCpV8h4a8HO_PQ	2024-10-10 20:25:43.5628+05:30
p6e96kg893x0kxv70q7twz5jmw6q31u9	.eJxVjDsOwyAQRO9CHSFg8QIp0_sM1pqF4Hyw5E8V5e6xIzcu582b-Qji91C7gcUV8CI6WpfSrXOa_kgAihPsKT5T3Rt-UL2PMo51mYZe7oo82lm2I6fX7XBPB4Xmsq0zIkG2pnGcUvYhGqe48Yg69Fp5sFEhNRYMBM6kAuktGZciYPTOZvH9AQFXO88:1tG9Fe:lYhg5VP_p0Dxav-NDM4_PNMuuRLKKheNjnaRtfiHOqE	2024-12-11 09:32:06.556823+05:30
9yow3uu1c8965w95i76srikgl91k5hc0	.eJxVjDsOwyAQRO9CHSFg8QIp0_sM1pqF4Hyw5E8V5e6xIzcu582b-Qji91C7gcUV8CI6WpfSrXOa_kgAihPsKT5T3Rt-UL2PMo51mYZe7oo82lm2I6fX7XBPB4Xmsq0zIkG2pnGcUvYhGqe48Yg69Fp5sFEhNRYMBM6kAuktGZciYPTOZvH9AQFXO88:1t2ur4:72kgagKO-nKY1gwNJqJBvbbVunT2jEoR7of_9AEpIpA	2024-11-04 21:32:02.964537+05:30
m6gtip32r1ld573chr815eflf78c0vb3	.eJxVjMsOwiAURP-FtSE8L-DSfb-BXF5SNZCUdmX8d9ukC13OnDPzJh63tfpt5MXPiVyJBHL5LQPGZ24HSQ9s905jb-syB3oo9KSDTj3l1-10_w4qjrqvCwDKooQ2KediXRSGJW0BuAucWakiA9RKCulSQeaQ70mYHCVEa1Qhny_7KTeH:1tSErX:XeFkS0NboEKHDe9RPsti9Y4OVQoVE2932LGmhvj2Qe4	2025-01-13 17:57:11.835188+05:30
2k5iliw8fq0b5dxggv5cphpplt8ljfsm	.eJxVjDsOwyAQRO9CHSFg8QIp0_sM1pqF4Hyw5E8V5e6xIzcu582b-Qji91C7gcUV8CI6WpfSrXOa_kgAihPsKT5T3Rt-UL2PMo51mYZe7oo82lm2I6fX7XBPB4Xmsq0zIkG2pnGcUvYhGqe48Yg69Fp5sFEhNRYMBM6kAuktGZciYPTOZvH9AQFXO88:1tSyxo:SXb8BARe5m3MA0Ft-bVezWGPRtnJGsRUEGjrrFuK7e0	2025-01-15 19:10:44.360876+05:30
obot1xccwjr1r49qhl7bcq0as3ip1k29	.eJxVjMsKwyAURP_FdRDjs2bZfb9BrnrTpBUNMa5K_70JhEJWA2fOzIe0iqubIxm06IiDtk3uj4gW5AI9hDfmo4kvyM9CQ8nbOnt6KPRsK32UiOl-upeDCeq0r6W5jQhBjRBEFL3i3BuuuPaI2PecI1qr0co4Buil8NKoCNoIGbxhitn9dJwzJLeVDRIZLGOUdaQ2fwWwLGnG6EJpS8l7RCRDbil9f48YUaQ:1tSz3U:_QvmUS4ABSvssfWaG6agh9J7Yvw4UHnOTUwPLjdtY5o	2025-01-15 19:16:36.504102+05:30
\.


--
-- Data for Name: django_site; Type: TABLE DATA; Schema: public; Owner: postgres
--

COPY public.django_site (id, domain, name) FROM stdin;
2	http://127.0.0.1:8000	http://127.0.0.1:8000
\.


--
-- Data for Name: offer_categoryoffer; Type: TABLE DATA; Schema: public; Owner: postgres
--

COPY public.offer_categoryoffer (id, percentage, expiry_date, is_active, category_id) FROM stdin;
2	20	2025-01-11	t	c19bb421-5782-450f-ab5a-4f59424daa98
1	10	2025-01-11	t	e1a9b4c5-674f-4d29-b4ce-2a520b000d44
\.


--
-- Data for Name: offer_productoffer; Type: TABLE DATA; Schema: public; Owner: postgres
--

COPY public.offer_productoffer (id, percentage, expiry_date, is_active, product_id) FROM stdin;
\.


--
-- Data for Name: offer_referraloffer; Type: TABLE DATA; Schema: public; Owner: postgres
--

COPY public.offer_referraloffer (id, referral_code, created_at, referred_by_id, user_id) FROM stdin;
1	864C005A-3DE	2024-12-03 13:33:41.08833+05:30	\N	31cac7d1-07f5-4de7-ab78-0ec7ddcc3837
2	2922FFA9-CF3	2024-12-03 13:36:51.962931+05:30	\N	5a14b8f0-e3c7-4b9f-a2c6-6b4fb2f87c5f
3	3015F5E8-D44	2024-12-03 13:39:30.550309+05:30	\N	9ab28aca-13f4-4600-8e69-871cb9a6cbbe
4	05008E5B-F78	2024-12-03 13:42:42.619887+05:30	\N	07a6a237-1a89-4e79-ba01-8cdd32ce169d
5	9448C283-5FE	2024-12-03 13:48:17.16924+05:30	\N	61882695-5305-460d-940d-96fae09739c8
6	F61F7728-407	2024-12-03 13:50:00.441394+05:30	31cac7d1-07f5-4de7-ab78-0ec7ddcc3837	343ef685-2b50-47d4-b5e4-d79bcc609039
7	9FFA2BB2-1C3	2024-12-26 14:39:26.17667+05:30	\N	025ce9f6-f211-44c0-9f95-298303fe8810
\.


--
-- Data for Name: orders_order; Type: TABLE DATA; Schema: public; Owner: postgres
--

COPY public.orders_order (id, order_date, status, total_amount, applied_coupon, payment_method, shipping_address, is_paid, profile_id, order_note, razorpay_order_id, razorpay_payment_id, razorpay_signature) FROM stdin;
44	2024-12-11 11:19:18.997826+05:30	Pending	270.00		Razorpay	house number 30, Galaxy Rd, Kanimangalam PO, Thrissur, Kerala, India - 680027	t	6c0194c1-6e92-4873-8bea-bd482722669b	\N			
45	2024-12-11 11:58:40.474141+05:30	Pending	1080.00		Razorpay	house number 40, Galaxy Road, Kanimangalam PO, Thrissur, Kerala, India - 680027	t	6c0194c1-6e92-4873-8bea-bd482722669b	\N			
46	2024-12-11 18:24:11.503167+05:30	Delivered	2430.00		Razorpay	house no 55, Gly Road, Kanimangalam PO, Thrissur, Kerala, India - 680027	t	6c0194c1-6e92-4873-8bea-bd482722669b	\N	order_PVsNaWu4Jqm7jQ	pay_PVsO6HbkvBRdlv	cfeeb9dcf359981e077185565183f3729bdeb3d7b9524e0f46d0bcc30ff2d547
47	2024-12-11 18:27:54.083854+05:30	Cancelled	900.00		Wallet	house no. 30, Galaxy Rd, Kanimangalam PO, Thrissur, Kerala, India - 680027	f	6c0194c1-6e92-4873-8bea-bd482722669b		\N	\N	\N
48	2024-12-17 10:08:40.612569+05:30	Pending	900.00		Cash on Delivery	house no. 30, Galaxy Rd, Kanimangalam PO, Thrissur, Kerala, India - 680027	f	6c0194c1-6e92-4873-8bea-bd482722669b		\N	\N	\N
49	2024-12-17 10:25:50.037632+05:30	Cancelled	450.00		Razorpay	house number 40, Galaxy Road, Kanimangalam PO, Thrissur, Kerala, India - 680027	t	6c0194c1-6e92-4873-8bea-bd482722669b	\N	order_PY7RHlhAHOP5c1	pay_PY7RYLKIFWVFL9	33bb30fb584038a5ee2c5387983903b41143d3d632902a50066068ba678bd4ee
30	2024-12-09 20:07:50.073127+05:30	Delivered	3150.00		Cash on Delivery	house no. 30, Galaxy Rd, Kanimangalam PO, Thrissur, Kerala, India - 680017	f	6c0194c1-6e92-4873-8bea-bd482722669b		\N	\N	\N
31	2024-12-09 20:28:46.090989+05:30	Delivered	900.00		Razorpay	house no. 30, Galaxy Rd, Kanimangalam PO, Thrissur, Kerala, India - 680017	t	6c0194c1-6e92-4873-8bea-bd482722669b	\N	\N	\N	\N
32	2024-12-10 11:07:54.718727+05:30	Pending	900.00		Razorpay	house no. 30, Galaxy Rd, Kanimangalam PO, Thrissur, Kerala, India - 680017	t	6c0194c1-6e92-4873-8bea-bd482722669b	\N	\N	\N	\N
33	2024-12-10 11:11:55.407127+05:30	Cancelled	4860.00		Razorpay	house no. 30, Galaxy Rd, Kanimangalam PO, Thrissur, Kerala, India - 680017	t	6c0194c1-6e92-4873-8bea-bd482722669b	\N	\N	\N	\N
34	2024-12-10 16:05:19.112147+05:30	Pending	1350.00		Razorpay	house no. 30, Galaxy Rd, Kanimangalam PO, Thrissur, Kerala, India - 680017	t	6c0194c1-6e92-4873-8bea-bd482722669b	\N	\N	\N	\N
35	2024-12-10 16:25:35.637349+05:30	Pending	1800.00		Razorpay	house no. 30, Galaxy Rd, Kanimangalam PO, Thrissur, Kerala, India - 680017	t	6c0194c1-6e92-4873-8bea-bd482722669b	\N	\N	\N	\N
36	2024-12-10 16:30:00.343532+05:30	Pending	900.00		Razorpay	house no. 30, Galaxy Rd, Kanimangalam PO, Thrissur, Kerala, India - 680017	t	6c0194c1-6e92-4873-8bea-bd482722669b	\N	\N	\N	\N
37	2024-12-10 16:37:42.681877+05:30	Pending	900.00		Razorpay	house number 30, Galaxy Rd, Kanimangalam PO, Thrissur, Kerala, India - 680027	t	6c0194c1-6e92-4873-8bea-bd482722669b	\N	\N	\N	\N
38	2024-12-10 16:47:20.212534+05:30	Pending	1800.00		Razorpay	house number 30, Galaxy Rd, Kanimangalam PO, Thrissur, Kerala, India - 680027	f	6c0194c1-6e92-4873-8bea-bd482722669b	\N	\N	\N	\N
39	2024-12-10 16:49:59.534243+05:30	Pending	900.00		Razorpay	house number 30, Galaxy Rd, Kanimangalam PO, Thrissur, Kerala, India - 680027	f	6c0194c1-6e92-4873-8bea-bd482722669b	\N	\N	\N	\N
40	2024-12-10 16:51:30.454852+05:30	Pending	270.00		Razorpay	house no. 30, Galaxy Rd, Kanimangalam PO, Thrissur, Kerala, India - 680027	f	6c0194c1-6e92-4873-8bea-bd482722669b	\N	\N	\N	\N
41	2024-12-10 16:56:32.640206+05:30	Pending	270.00		Razorpay	house no. 30, Galaxy Rd, Kanimangalam PO, Thrissur, Kerala, India - 680027	f	6c0194c1-6e92-4873-8bea-bd482722669b	\N	\N	\N	\N
42	2024-12-10 16:57:38.689408+05:30	Pending	270.00		Razorpay	house no. 30, Galaxy Rd, Kanimangalam PO, Thrissur, Kerala, India - 680017	f	6c0194c1-6e92-4873-8bea-bd482722669b	\N	\N	\N	\N
43	2024-12-10 16:59:29.952406+05:30	Pending	270.00		Razorpay	house number 30, Galaxy Rd, Kanimangalam PO, Thrissur, Kerala, India - 680027	f	6c0194c1-6e92-4873-8bea-bd482722669b	\N	\N	\N	\N
50	2024-12-17 10:50:22.591059+05:30	Pending	900.00		Razorpay	house no. 30, Galaxy Rd, Kanimangalam PO, Thrissur, Kerala, India - 680017	t	6c0194c1-6e92-4873-8bea-bd482722669b	\N			
51	2024-12-29 21:24:43.408763+05:30	Pending	900.00		Cash on Delivery	house no. 30, Galaxy Rd, Kanimangalam PO, Thrissur, Kerala, India - 680017	f	6c0194c1-6e92-4873-8bea-bd482722669b		\N	\N	\N
52	2024-12-29 21:26:44.99007+05:30	Pending	450.00		Razorpay	house no. 30, Galaxy Rd, Kanimangalam PO, Thrissur, Kerala, India - 680017	t	6c0194c1-6e92-4873-8bea-bd482722669b	\N			
53	2025-01-01 19:12:24.087718+05:30	Cancelled	900.00		Cash on Delivery	house number 30, Galaxy Rd, Kanimangalam PO, Thrissur, Kerala, India - 680027	f	6c0194c1-6e92-4873-8bea-bd482722669b		\N	\N	\N
54	2025-01-01 19:16:49.261164+05:30	Cancelled	900.00		Cash on Delivery	house number 30, Galaxy Rd, Kanimangalam PO, Thrissur, Kerala, India - 680027	f	6c0194c1-6e92-4873-8bea-bd482722669b		\N	\N	\N
\.


--
-- Data for Name: orders_orderitem; Type: TABLE DATA; Schema: public; Owner: postgres
--

COPY public.orders_orderitem (id, product_name, quantity, price, order_id, product_id) FROM stdin;
36	Chocochip Cake	3	1000.00	30	9f61677b-ea94-43eb-948f-eec0e158a37b
37	Chocochip Cake	1	500.00	30	9f61677b-ea94-43eb-948f-eec0e158a37b
38	Dates Cake	1	1000.00	31	\N
39	Chocochip Cake	1	1000.00	32	\N
40	Dates Cake	6	1000.00	33	\N
41	Chocochip Cake	3	500.00	34	\N
42	Dates Cake	2	1000.00	35	\N
43	Dates Cake	1	1000.00	36	\N
44	Dates Cake	1	1000.00	37	\N
45	Dates Cake	2	1000.00	38	\N
46	Dates Cake	1	1000.00	39	\N
47	Blueberry Cheese Cake	1	300.00	40	\N
48	Blueberry Cheese Cake	1	300.00	41	\N
49	Blueberry Cheese Cake	1	300.00	42	\N
50	Blueberry Cheese Cake	1	300.00	43	\N
51	Blueberry Cheese Cake	1	300.00	44	\N
52	Blueberry Cheese Cake	1	1200.00	45	\N
53	Raspberry Cheesecake	2	1000.00	46	\N
54	Raspberry Cheesecake	2	500.00	46	\N
55	Raspberry Cheesecake	1	1000.00	47	\N
56	Raspberry Cheesecake	1	1000.00	48	a6d21145-00a2-49d3-b727-74f0a7c2e3af
57	Raspberry Cheesecake	1	500.00	49	\N
58	Raspberry Cheesecake	1	1000.00	50	\N
59	Raspberry Cheesecake	2	500.00	51	a6d21145-00a2-49d3-b727-74f0a7c2e3af
60	Raspberry Cheesecake	1	500.00	52	\N
61	Raspberry Cheesecake	1	1000.00	53	a6d21145-00a2-49d3-b727-74f0a7c2e3af
62	Raspberry Cheesecake	1	1000.00	54	a6d21145-00a2-49d3-b727-74f0a7c2e3af
\.


--
-- Data for Name: orders_transaction; Type: TABLE DATA; Schema: public; Owner: postgres
--

COPY public.orders_transaction (id, transaction_id, amount, transaction_type, created_at, wallet_id) FROM stdin;
1	02796acc-3dfe-4498-be4c-bf598063128d	2100.00	credit	2024-11-26 14:40:28.566735+05:30	3
2	29342767-808c-4c8b-9e0a-6c1077ddff5d	500.00	debit	2024-11-26 16:18:58.765265+05:30	3
3	a8d2df31-136a-42da-9107-63d27359a9cf	500.00	debit	2024-11-27 09:51:27.166984+05:30	3
4	0e5cd094-f779-44fa-9272-1b648f7192d7	100.00	credit	2024-12-03 13:50:00.465597+05:30	5
5	5e51af52-1ccb-4d0d-a05d-b994ab121190	100.00	credit	2024-12-03 13:50:00.473423+05:30	10
6	dea4bc92-7c18-44e7-a9ac-813ffe2c152b	4860.00	credit	2024-12-10 12:51:45.577146+05:30	4
7	e69ead02-efa9-443a-8fba-1bc564b7466f	900.00	debit	2024-12-11 18:27:54.141107+05:30	4
8	0139cf45-005c-4774-8a7b-24610b2d5935	450.00	credit	2024-12-17 10:26:36.280096+05:30	4
\.


--
-- Data for Name: orders_wallet; Type: TABLE DATA; Schema: public; Owner: postgres
--

COPY public.orders_wallet (id, amount, profile_id) FROM stdin;
3	100.00	92e713c1-3400-4be1-98e6-6c07ad9de35b
6	0.00	5a14b8f0-e3c7-4b9f-a2c6-6b4fb2f87c5f
7	0.00	9ab28aca-13f4-4600-8e69-871cb9a6cbbe
8	0.00	07a6a237-1a89-4e79-ba01-8cdd32ce169d
9	0.00	61882695-5305-460d-940d-96fae09739c8
5	500.00	31cac7d1-07f5-4de7-ab78-0ec7ddcc3837
10	100.00	343ef685-2b50-47d4-b5e4-d79bcc609039
4	4310.00	6c0194c1-6e92-4873-8bea-bd482722669b
11	0.00	025ce9f6-f211-44c0-9f95-298303fe8810
\.


--
-- Data for Name: products_category; Type: TABLE DATA; Schema: public; Owner: postgres
--

COPY public.products_category (uid, created_at, updated_at, category_name, slug, category_image, is_active) FROM stdin;
e1a9b4c5-674f-4d29-b4ce-2a520b000d44	2024-09-26 20:00:11.448432+05:30	2024-08-28 20:13:12.717827+05:30	Cakes	cakes	categories/cake3.JPG	t
8690efd2-290a-4879-8a30-7f02763cea6f	2024-09-26 20:00:28.694933+05:30	2024-09-13 15:46:12.770513+05:30	Pastries	pastries	categories/cake4.jpg	t
fa342fbd-460e-4ed5-b44c-04b7c66fbad1	2024-09-28 13:07:25.212352+05:30	2024-09-28 13:07:25.212352+05:30	Loaves	loaves	categories/berry_custard_pastries_nmdRFSe.JPG	t
c252f0bf-bbde-48a4-a975-e569b17bc779	2024-10-05 14:45:00.273462+05:30	2024-10-05 14:45:00.273462+05:30	Cheese Cakes	cheese-cakes	categories/chocmoussecake.jpg	t
5d69ec64-22f4-46a1-adb4-a5166c081714	2024-10-05 14:45:41.105149+05:30	2024-09-07 18:22:07.249941+05:30	Cookies	cookies	categories/chocolate-chip-cookies.jpg	t
c19bb421-5782-450f-ab5a-4f59424daa98	2024-10-05 14:46:02.244544+05:30	2024-08-29 16:00:31.920137+05:30	Brownies	brownies	categories/chocolate_brownie_Qlgoq4G.jpg	t
67d5af9e-7adb-4959-ac7c-57d069e2ecca	2024-10-05 14:49:05.416931+05:30	2024-09-27 18:04:58.835538+05:30	Muffins	muffins	categories/muffin_img.jpeg	t
f2b1afff-3485-43e8-8f95-1d5fed085233	2024-10-21 21:41:39.950152+05:30	2024-09-27 21:40:51.615364+05:30	bread	bread	categories/berry_custard_pastries_ob8BegR.JPG	t
\.


--
-- Data for Name: products_product; Type: TABLE DATA; Schema: public; Owner: postgres
--

COPY public.products_product (uid, created_at, updated_at, product_name, slug, product_description, category_id, is_active) FROM stdin;
efbd689a-f68a-4b90-aa6d-101944bee1ed	2024-11-10 15:51:13.820804+05:30	2024-09-28 10:24:04.957275+05:30	Marble cake	marble-cake	htyjudguhacklijkds  iurwuhjbn zm,ck.claiwu asgdfxfy	f2b1afff-3485-43e8-8f95-1d5fed085233	t
b59c4e65-c51d-4080-95eb-50976361a3f5	2024-11-11 13:59:22.798244+05:30	2024-11-11 13:59:22.798244+05:30	Mousse Cheesecake	mousse-cheesecake	hfvoooooooooo	e1a9b4c5-674f-4d29-b4ce-2a520b000d44	t
397cf458-4e2e-466b-af6f-ba21cb5bbcfe	2024-11-27 09:57:22.92419+05:30	2024-11-27 09:57:22.92419+05:30	Mango Cheesecake	mango-cheesecake	hiiiiiiiiiiiiiiiiiiiii	e1a9b4c5-674f-4d29-b4ce-2a520b000d44	t
dbd0573c-c6b3-4c5a-b8c5-658b925912b4	2024-12-03 10:26:34.853844+05:30	2024-10-19 09:43:47.884091+05:30	Brownie Cake	brownie-cake	sssssssssss ddddddd aaaaaaa	e1a9b4c5-674f-4d29-b4ce-2a520b000d44	t
c59ff4df-28d2-4b07-be95-5bc78dbe6aef	2024-09-28 10:20:07.773378+05:30	2024-09-28 10:20:07.773378+05:30	Chocolate Truffle Cake	chocolate-truffle-cake	uadcfjhadgckdslhsdvjh ,bzxjg v\r\nmhdgcjxhbmcj , \r\nhcvcmj,dbc,dsvhisv	e1a9b4c5-674f-4d29-b4ce-2a520b000d44	t
e6cc082d-bc32-4eed-8712-3db0cf1aef3a	2024-09-28 10:22:43.054068+05:30	2024-09-28 10:22:43.054068+05:30	Double Chocolate Brownie	double-chocolate-brownie	sjdfkdjhiocdc jsdkvhvuyw9fidhkcj	c19bb421-5782-450f-ab5a-4f59424daa98	t
188ad336-d3fe-4bb2-af70-c4d4e95a0a2d	2024-09-28 10:25:32.942239+05:30	2024-09-28 10:25:32.942239+05:30	Neopolitan Cake	neopolitan-cake	uycafsyd hcsdcue98wfy76d jycvjaejkchweilf8yet7i6f	e1a9b4c5-674f-4d29-b4ce-2a520b000d44	t
e8f82d11-ab1e-47b7-939f-2acf084f5d72	2024-09-28 10:27:19.740226+05:30	2024-09-28 10:27:19.740226+05:30	Chocochip cookie	chocochip-cookie	ewsdfghj fgvhjktyui ygbhiktfv	5d69ec64-22f4-46a1-adb4-a5166c081714	t
c4bb8f5d-c88f-4ec2-94f5-048e2f0dfd95	2024-09-28 13:11:37.86705+05:30	2024-09-28 13:10:47.192594+05:30	Chocochip	chocochip	gffhgscjdc ksdvhvivuhvh	5d69ec64-22f4-46a1-adb4-a5166c081714	t
3468d240-4297-4984-88fe-3f424afa7bf3	2024-10-16 18:13:30.78892+05:30	2024-10-16 18:13:30.78892+05:30	vaerg	vaerg	rgefgdfvfg	f2b1afff-3485-43e8-8f95-1d5fed085233	t
ec9f467b-acfe-479a-b060-38635ce674b9	2024-10-16 18:32:23.627916+05:30	2024-10-16 18:32:23.627916+05:30	qweewtew	qweewtew	ergergerg	c252f0bf-bbde-48a4-a975-e569b17bc779	t
9f61677b-ea94-43eb-948f-eec0e158a37b	2024-10-18 10:24:03.822359+05:30	2024-10-18 10:24:03.822359+05:30	Chocochip Cake	chocochip-cake	qqqqqqqqqqqqqqqwwwwwwww eeeeee	e1a9b4c5-674f-4d29-b4ce-2a520b000d44	t
5d7721fa-3f2e-417c-8975-7053894b81d5	2024-10-18 21:44:46.466377+05:30	2024-10-18 21:44:46.466377+05:30	Dates Cake	dates-cake	qqqqqq wwwwwwww eeeee	e1a9b4c5-674f-4d29-b4ce-2a520b000d44	t
33601507-1497-403f-b0f1-83622c78748a	2024-12-03 10:36:47.16965+05:30	2024-10-28 12:11:51.284588+05:30	Blueberry Cheese Cake	blueberry-cheese-cake	wwwwwwwww eee	e1a9b4c5-674f-4d29-b4ce-2a520b000d44	t
05bf1118-4649-4609-8566-89aeb7fe833b	2024-12-11 18:12:10.302074+05:30	2024-12-11 18:12:10.302074+05:30	Strawberry Cheesecake	strawberry-cheesecake	hiiiiiiiiiiiiiiiiii	e1a9b4c5-674f-4d29-b4ce-2a520b000d44	t
a6d21145-00a2-49d3-b727-74f0a7c2e3af	2024-12-11 18:12:55.703098+05:30	2024-12-11 18:12:55.703098+05:30	Raspberry Cheesecake	raspberry-cheesecake	hiiiiiiiiiiiiiiiiii	e1a9b4c5-674f-4d29-b4ce-2a520b000d44	t
\.


--
-- Data for Name: products_productimage; Type: TABLE DATA; Schema: public; Owner: postgres
--

COPY public.products_productimage (uid, created_at, updated_at, image, product_id) FROM stdin;
34f96df6-a405-4df9-ba21-62c8ecdf1880	2024-09-28 10:20:07.778083+05:30	2024-09-28 10:20:07.778083+05:30	product/ctc1_q3NMU0w.jpeg	c59ff4df-28d2-4b07-be95-5bc78dbe6aef
0aeb3c3a-3fc8-4f11-831b-4631aaa50f16	2024-09-28 10:20:07.859424+05:30	2024-09-28 10:20:07.859424+05:30	product/ctc2_xCsl75d.jpeg	c59ff4df-28d2-4b07-be95-5bc78dbe6aef
dfe3849c-9c05-4342-83f3-20ccbd5dcca2	2024-09-28 10:20:07.887018+05:30	2024-09-28 10:20:07.887018+05:30	product/ctc3_7DBVYjw.jpeg	c59ff4df-28d2-4b07-be95-5bc78dbe6aef
c5d86a44-a847-4fdd-b03d-040c1aa54f59	2024-09-28 10:22:43.056665+05:30	2024-09-28 10:22:43.056665+05:30	product/Dark-Chocolate-Brownies.jpg	e6cc082d-bc32-4eed-8712-3db0cf1aef3a
973ed397-749f-4a95-877a-148eb91e3515	2024-09-28 10:22:43.108274+05:30	2024-09-28 10:22:43.108274+05:30	product/chocolate_brownie.jpg	e6cc082d-bc32-4eed-8712-3db0cf1aef3a
124b77ce-6c31-4211-a101-85a62ec7cdb1	2024-09-28 10:22:43.12717+05:30	2024-09-28 10:22:43.12717+05:30	product/chocmoussecake_PlBFrP9.jpg	e6cc082d-bc32-4eed-8712-3db0cf1aef3a
294f51f3-3f3b-4eb6-b861-f0546e76a9b9	2024-09-28 10:24:04.958768+05:30	2024-09-28 10:24:04.958768+05:30	product/mc3.jpeg	efbd689a-f68a-4b90-aa6d-101944bee1ed
1621f4b6-0e3b-4d21-8485-e3829df14a8e	2024-09-28 10:24:04.979533+05:30	2024-09-28 10:24:04.979533+05:30	product/mc1.jpeg	efbd689a-f68a-4b90-aa6d-101944bee1ed
8d6f23ad-06c8-44ab-bad6-c2ccb6a0efac	2024-09-28 10:24:04.992515+05:30	2024-09-28 10:24:04.992515+05:30	product/mc2.jpeg	efbd689a-f68a-4b90-aa6d-101944bee1ed
76cd79b3-8be6-4a02-ae50-171d25fea330	2024-09-28 10:25:32.942239+05:30	2024-09-28 10:25:32.942239+05:30	product/npc1.jpeg	188ad336-d3fe-4bb2-af70-c4d4e95a0a2d
97d0ea07-2f5d-4323-b3ae-da4da521974f	2024-09-28 10:25:32.973971+05:30	2024-09-28 10:25:32.973971+05:30	product/npc2_ZSLTPFW.jpeg	188ad336-d3fe-4bb2-af70-c4d4e95a0a2d
0d76f982-e455-434e-bcb6-304336127f68	2024-09-28 10:25:32.99009+05:30	2024-09-28 10:25:32.99009+05:30	product/Neapolitan-Cake.jpg	188ad336-d3fe-4bb2-af70-c4d4e95a0a2d
42808ecb-096c-40a4-9b09-6e5a9f72a745	2024-09-28 10:27:19.740226+05:30	2024-09-28 10:27:19.740226+05:30	product/cookiee.jpg	e8f82d11-ab1e-47b7-939f-2acf084f5d72
68a75273-1751-4a1f-a58d-7538aa4b3aa1	2024-09-28 10:27:19.790753+05:30	2024-09-28 10:27:19.790753+05:30	product/chocolate-chip-cookies_T0hXj71.jpg	e8f82d11-ab1e-47b7-939f-2acf084f5d72
89a0c560-8045-46b2-9ce8-a8bb53570429	2024-09-28 10:27:19.822958+05:30	2024-09-28 10:27:19.822958+05:30	product/regular_cookies.jpg	e8f82d11-ab1e-47b7-939f-2acf084f5d72
904e0a65-7cbf-40ef-a2c6-d8110cf21842	2024-09-28 13:11:37.877519+05:30	2024-09-28 13:11:37.877519+05:30	product/berry_custard_pastries_RekQHzg.JPG	c4bb8f5d-c88f-4ec2-94f5-048e2f0dfd95
84acdebc-5f7a-496d-b124-a1b771bfcf7d	2024-09-28 13:11:38.209287+05:30	2024-09-28 13:11:38.209287+05:30	product/berry_custard_pastries_VAI8Kp9.JPG	c4bb8f5d-c88f-4ec2-94f5-048e2f0dfd95
bbc4453a-df67-46b1-a0ec-9daed2118e04	2024-09-28 13:11:38.53516+05:30	2024-09-28 13:11:38.53516+05:30	product/berry_custard_pastries_nC2QPN3.JPG	c4bb8f5d-c88f-4ec2-94f5-048e2f0dfd95
e761fd32-4f61-4013-909c-d21ac4741828	2024-10-16 18:13:30.796909+05:30	2024-10-16 18:13:30.796909+05:30	product/cake4_6HgnWVf.jpg	3468d240-4297-4984-88fe-3f424afa7bf3
3830226e-9331-49f8-a2ed-e48a0d964c19	2024-10-16 18:13:31.186757+05:30	2024-10-16 18:13:31.186757+05:30	product/aliachocolate_d_64KR2Js.jpg	3468d240-4297-4984-88fe-3f424afa7bf3
4b31edcd-f807-4237-b1d4-e36b82ecc06e	2024-10-16 18:13:31.221111+05:30	2024-10-16 18:13:31.221111+05:30	product/chocolate_brownie_w13SGt5.jpg	3468d240-4297-4984-88fe-3f424afa7bf3
c9f28913-3532-46d2-af09-6bf1dfd245fb	2024-10-16 18:32:23.627916+05:30	2024-10-16 18:32:23.627916+05:30	product/ctc1_keU6RN3.jpeg	ec9f467b-acfe-479a-b060-38635ce674b9
972511ed-2edf-409a-93d5-e85e233f11d2	2024-10-16 18:32:23.702036+05:30	2024-10-16 18:32:23.702036+05:30	product/chocmoussecake_pSeX61W.jpg	ec9f467b-acfe-479a-b060-38635ce674b9
9f20c242-dd58-4fe7-a02c-9b97ecfc1af9	2024-10-16 18:32:23.77669+05:30	2024-10-16 18:32:23.77669+05:30	product/cake4_MJzyga3.jpg	ec9f467b-acfe-479a-b060-38635ce674b9
6e9604c8-b60d-4f2f-8d4b-009bfd3dbb0e	2024-10-18 10:24:03.837302+05:30	2024-10-18 10:24:03.837302+05:30	product/ctc1_d3wY9i5.jpeg	9f61677b-ea94-43eb-948f-eec0e158a37b
c6d7856d-eaf9-4291-b70c-8f33a07769c3	2024-10-18 10:24:04.012286+05:30	2024-10-18 10:24:04.012286+05:30	product/chocmoussecake_jvqPaSu.jpg	9f61677b-ea94-43eb-948f-eec0e158a37b
63b45b87-20b0-491d-8bfb-f4118f085529	2024-10-18 10:24:04.079886+05:30	2024-10-18 10:24:04.079886+05:30	product/chocolate_brownie_nUIL5xn.jpg	9f61677b-ea94-43eb-948f-eec0e158a37b
bf0f0af9-4656-46c4-8fa2-b979ed5fe54d	2024-10-18 21:44:46.480109+05:30	2024-10-18 21:44:46.480109+05:30	product/berry_custard_pastries_vu9QziY.JPG	5d7721fa-3f2e-417c-8975-7053894b81d5
41e6729d-9a8f-48d2-8561-111364f5b34e	2024-10-18 21:44:47.056377+05:30	2024-10-18 21:44:47.056377+05:30	product/chocolate-chip-cookies_UlyaGjJ.jpg	5d7721fa-3f2e-417c-8975-7053894b81d5
3e67853c-1226-46b3-bac3-e19fcf7ee327	2024-10-18 21:44:47.097662+05:30	2024-10-18 21:44:47.097662+05:30	product/ctc2_5E6BvDN.jpeg	5d7721fa-3f2e-417c-8975-7053894b81d5
bb3a477f-9253-4fb6-bd73-6d00394190fd	2024-11-11 13:59:22.802702+05:30	2024-11-11 13:59:22.802702+05:30	product/chocmoussecake_vOsTkP9.jpg	b59c4e65-c51d-4080-95eb-50976361a3f5
a6b4770b-0da3-42a5-8098-aeaca01cd535	2024-11-11 13:59:23.360426+05:30	2024-11-11 13:59:23.360426+05:30	product/chocmoussecake_2hiLn6V.jpg	b59c4e65-c51d-4080-95eb-50976361a3f5
1dbdd6e0-a7f5-4e66-834a-6a7bffe7b466	2024-11-11 13:59:23.405531+05:30	2024-11-11 13:59:23.405531+05:30	product/cake3_ARtgQqM.JPG	b59c4e65-c51d-4080-95eb-50976361a3f5
2062f50d-e331-42d3-a250-0774b4dea7c3	2024-11-27 09:57:22.932421+05:30	2024-11-27 09:57:22.932421+05:30	product/berry_custard_pastries_fBoqwQv.JPG	397cf458-4e2e-466b-af6f-ba21cb5bbcfe
72b4cea2-9644-40e6-a3ac-7c756051bd96	2024-11-27 09:57:23.477144+05:30	2024-11-27 09:57:23.477144+05:30	product/berry_custard_pastries_XM9gOfI.JPG	397cf458-4e2e-466b-af6f-ba21cb5bbcfe
7d7d2da0-bd54-4a96-9437-64ea6115c61c	2024-11-27 09:57:23.795602+05:30	2024-11-27 09:57:23.795602+05:30	product/berry_custard_pastries_1uOUXiU.JPG	397cf458-4e2e-466b-af6f-ba21cb5bbcfe
6057fcd5-cb38-4e51-a258-f68db6f56f88	2024-12-03 09:44:28.025303+05:30	2024-12-03 09:44:28.025303+05:30	product/chocmoussecake_reQUxwr.jpg	dbd0573c-c6b3-4c5a-b8c5-658b925912b4
f0a1413a-7899-4fb7-bdf2-20b2f3672d7c	2024-12-03 09:44:28.098227+05:30	2024-12-03 09:44:28.098227+05:30	product/chocmoussecake_OlAwkdH.jpg	dbd0573c-c6b3-4c5a-b8c5-658b925912b4
6b9aa8f7-1bd2-4678-913d-01a20f468467	2024-12-03 10:30:50.25891+05:30	2024-12-03 09:44:27.948386+05:30	product/chocmoussecake_m87wLbX.jpg	dbd0573c-c6b3-4c5a-b8c5-658b925912b4
5b664a91-99f8-4e14-8408-769e28e73e22	2024-12-03 10:36:13.201098+05:30	2024-12-03 10:36:13.201098+05:30	product/berry_custard_pastries_lWQ5sVO.JPG	33601507-1497-403f-b0f1-83622c78748a
d6e9d97f-fa71-4109-a31e-c389f70eb8dc	2024-12-03 10:36:13.453537+05:30	2024-12-03 10:36:13.453537+05:30	product/berry_custard_pastries_O2NkOUR.JPG	33601507-1497-403f-b0f1-83622c78748a
44238ca0-f37c-4f83-8431-ace9f0829868	2024-12-03 10:36:38.22016+05:30	2024-12-03 10:36:12.950598+05:30	product/cake3_SSMUQvF.JPG	33601507-1497-403f-b0f1-83622c78748a
2f5b1ed4-30b7-4353-b716-080c20631f78	2024-12-11 18:12:10.321213+05:30	2024-12-11 18:12:10.321213+05:30	product/berry_custard_pastries_6K9mZQ5.JPG	05bf1118-4649-4609-8566-89aeb7fe833b
705fefbe-1038-4075-80ef-1fc575bd0ba9	2024-12-11 18:12:11.079647+05:30	2024-12-11 18:12:11.079647+05:30	product/berry_custard_pastries_bpfXS4Q.JPG	05bf1118-4649-4609-8566-89aeb7fe833b
1a3835c4-8779-42d9-984b-4e70c172cc8c	2024-12-11 18:12:11.455742+05:30	2024-12-11 18:12:11.455742+05:30	product/berry_custard_pastries_OacaZCV.JPG	05bf1118-4649-4609-8566-89aeb7fe833b
0db7a404-5b83-4f70-b63e-7d1d2ff92e3b	2024-12-11 18:12:55.72609+05:30	2024-12-11 18:12:55.72609+05:30	product/berry_custard_pastries_QS26mDv.JPG	a6d21145-00a2-49d3-b727-74f0a7c2e3af
9fb24601-c8f5-44ac-9612-af44f30f8507	2024-12-11 18:12:56.03951+05:30	2024-12-11 18:12:56.03951+05:30	product/berry_custard_pastries_d8L3GRT.JPG	a6d21145-00a2-49d3-b727-74f0a7c2e3af
a6027667-2a4d-444f-aa99-93cdf4b0b897	2024-12-11 18:12:56.417539+05:30	2024-12-11 18:12:56.417539+05:30	product/berry_custard_pastries_Fc5OJPq.JPG	a6d21145-00a2-49d3-b727-74f0a7c2e3af
\.


--
-- Data for Name: products_sizevariant; Type: TABLE DATA; Schema: public; Owner: postgres
--

COPY public.products_sizevariant (uid, created_at, updated_at, size_name, price, product_id, stock) FROM stdin;
074c2111-7a48-49bf-9d27-05a52742ee17	2024-10-16 18:32:23.975409+05:30	2024-10-16 18:32:23.975409+05:30	1kg	345	ec9f467b-acfe-479a-b060-38635ce674b9	234
e72c5c40-5d07-41bf-8883-21709aac3e8b	2024-10-16 18:32:23.983435+05:30	2024-10-16 18:32:23.983435+05:30	2kg	234	ec9f467b-acfe-479a-b060-38635ce674b9	234
7146c028-cf8b-4eae-b302-0f646d0e247a	2024-12-11 11:58:40.489892+05:30	2024-12-03 10:36:47.203452+05:30	1kg	1200	33601507-1497-403f-b0f1-83622c78748a	18
dbfc299c-34e2-4541-9d4f-19ccb4448c5d	2024-12-29 21:26:44.999132+05:30	2024-12-11 18:12:56.836177+05:30	1kg	500	a6d21145-00a2-49d3-b727-74f0a7c2e3af	94
28254713-91e0-4688-9e39-f0adf40be548	2024-11-11 13:59:23.454495+05:30	2024-11-11 13:59:23.454495+05:30	1kg	500	b59c4e65-c51d-4080-95eb-50976361a3f5	20
492ac8f1-1751-4df4-882e-c5c34c93ce18	2024-11-11 13:59:23.459282+05:30	2024-11-11 13:59:23.459282+05:30	2kg	1000	b59c4e65-c51d-4080-95eb-50976361a3f5	30
7d9366d9-08aa-4333-9568-383d3cf3c6e9	2025-01-01 19:16:49.276532+05:30	2024-12-11 18:12:56.865332+05:30	2kg	1000	a6d21145-00a2-49d3-b727-74f0a7c2e3af	93
c7a4f04a-7980-4a90-94f9-fdfd9317908a	2024-11-26 15:00:06.856497+05:30	2024-10-18 21:44:47.133801+05:30	1kg	500	5d7721fa-3f2e-417c-8975-7053894b81d5	0
d6499a56-dfec-44a5-a1d5-f9d007d3e2ce	2024-11-27 09:57:24.114098+05:30	2024-11-27 09:57:24.114098+05:30	1kg	1000	397cf458-4e2e-466b-af6f-ba21cb5bbcfe	10
cd11b5cf-e23e-41e2-b62b-211ce192ab8b	2024-11-27 09:57:24.1406+05:30	2024-11-27 09:57:24.1406+05:30	2kg	2000	397cf458-4e2e-466b-af6f-ba21cb5bbcfe	10
bf9f7fdf-9f56-4c41-822b-fc467ca79928	2024-12-03 10:26:34.87027+05:30	2024-12-03 10:26:34.87027+05:30	1kg	200	dbd0573c-c6b3-4c5a-b8c5-658b925912b4	20
9f645c81-a4d6-45f8-9f1f-d7058dbe16ce	2024-12-03 10:26:34.880298+05:30	2024-12-03 10:26:34.880298+05:30	2kg	500	dbd0573c-c6b3-4c5a-b8c5-658b925912b4	20
01fe00b2-73bb-4bcb-b8cb-7ad5cf03c58a	2024-12-10 11:07:54.763303+05:30	2024-10-18 10:24:04.122775+05:30	2kg	1000	9f61677b-ea94-43eb-948f-eec0e158a37b	25
972c83a2-c9d6-4e04-a40d-d0541037c46c	2024-12-10 16:05:19.124895+05:30	2024-10-18 10:24:04.115247+05:30	1kg	500	9f61677b-ea94-43eb-948f-eec0e158a37b	6
bc6217d5-2024-435e-a495-9e33f10fafc6	2024-12-10 16:49:59.541659+05:30	2024-10-18 21:44:47.133801+05:30	2kg	1000	5d7721fa-3f2e-417c-8975-7053894b81d5	0
189e7d1c-296d-4538-9b99-08003265955a	2024-12-11 11:19:19.019611+05:30	2024-12-03 10:36:47.200697+05:30	500g	300	33601507-1497-403f-b0f1-83622c78748a	5
\.


--
-- Data for Name: socialaccount_socialaccount; Type: TABLE DATA; Schema: public; Owner: postgres
--

COPY public.socialaccount_socialaccount (id, provider, uid, last_login, date_joined, extra_data, user_id) FROM stdin;
1	google	106163728773450581828	2024-12-26 14:48:19.002797+05:30	2024-09-10 17:56:20.393637+05:30	{"aud": "192409907214-4c3eenhq1tr9ru4n4npi0sn4k4ud0s29.apps.googleusercontent.com", "azp": "192409907214-4c3eenhq1tr9ru4n4npi0sn4k4ud0s29.apps.googleusercontent.com", "exp": 1735208302, "iat": 1735204702, "iss": "https://accounts.google.com", "sub": "106163728773450581828", "name": "Angela Sabu", "email": "angelasabu66@gmail.com", "at_hash": "UEyRmUEyd9s_aaJNXktehA", "picture": "https://lh3.googleusercontent.com/a/ACg8ocLDV1gEdwMftnujSIRhuKWoeakYjBkr27bgLIpLGixIB38b2Mio=s96-c", "given_name": "Angela", "family_name": "Sabu", "email_verified": true}	45
2	google	116454577173212750519	2024-09-13 13:43:42.17665+05:30	2024-09-13 13:43:42.17665+05:30	{"aud": "192409907214-4c3eenhq1tr9ru4n4npi0sn4k4ud0s29.apps.googleusercontent.com", "azp": "192409907214-4c3eenhq1tr9ru4n4npi0sn4k4ud0s29.apps.googleusercontent.com", "exp": 1726218818, "iat": 1726215218, "iss": "https://accounts.google.com", "sub": "116454577173212750519", "name": "Arun S", "email": "arunsudhakaran01@gmail.com", "at_hash": "mqpF0pIGVUAkMWnftE90dA", "picture": "https://lh3.googleusercontent.com/a/ACg8ocJlYub0-WuSAYSlLEbdhbtbzCbJxeNEg_Y9-qTSGjgOqN4t=s96-c", "given_name": "Arun", "family_name": "S", "email_verified": true}	46
3	google	115151053402559210987	2024-09-13 13:52:42.410741+05:30	2024-09-13 13:52:42.410741+05:30	{"aud": "192409907214-4c3eenhq1tr9ru4n4npi0sn4k4ud0s29.apps.googleusercontent.com", "azp": "192409907214-4c3eenhq1tr9ru4n4npi0sn4k4ud0s29.apps.googleusercontent.com", "exp": 1726219358, "iat": 1726215758, "iss": "https://accounts.google.com", "sub": "115151053402559210987", "name": "dhinu Cphilip", "email": "dhinucphilip102001@gmail.com", "at_hash": "TjF22NMZwJRS6e0GQVHQog", "picture": "https://lh3.googleusercontent.com/a/ACg8ocIttgvrgItZNMg5dZPw8c65amBumXyl99-YNHmSAitUd9R_Sw=s96-c", "given_name": "dhinu", "family_name": "Cphilip", "email_verified": true}	47
\.


--
-- Data for Name: socialaccount_socialapp; Type: TABLE DATA; Schema: public; Owner: postgres
--

COPY public.socialaccount_socialapp (id, provider, name, client_id, secret, key, provider_id, settings) FROM stdin;
1	google	google	192409907214-4c3eenhq1tr9ru4n4npi0sn4k4ud0s29.apps.googleusercontent.com	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		google	{}
\.


--
-- Data for Name: socialaccount_socialapp_sites; Type: TABLE DATA; Schema: public; Owner: postgres
--

COPY public.socialaccount_socialapp_sites (id, socialapp_id, site_id) FROM stdin;
1	1	2
\.


--
-- Data for Name: socialaccount_socialtoken; Type: TABLE DATA; Schema: public; Owner: postgres
--

COPY public.socialaccount_socialtoken (id, token, token_secret, expires_at, account_id, app_id) FROM stdin;
\.


--
-- Name: account_emailaddress_id_seq; Type: SEQUENCE SET; Schema: public; Owner: postgres
--

SELECT pg_catalog.setval('public.account_emailaddress_id_seq', 3, true);


--
-- Name: account_emailconfirmation_id_seq; Type: SEQUENCE SET; Schema: public; Owner: postgres
--

SELECT pg_catalog.setval('public.account_emailconfirmation_id_seq', 1, false);


--
-- Name: accounts_address_id_seq; Type: SEQUENCE SET; Schema: public; Owner: postgres
--

SELECT pg_catalog.setval('public.accounts_address_id_seq', 8, true);


--
-- Name: auth_group_id_seq; Type: SEQUENCE SET; Schema: public; Owner: postgres
--

SELECT pg_catalog.setval('public.auth_group_id_seq', 1, false);


--
-- Name: auth_group_permissions_id_seq; Type: SEQUENCE SET; Schema: public; Owner: postgres
--

SELECT pg_catalog.setval('public.auth_group_permissions_id_seq', 1, false);


--
-- Name: auth_permission_id_seq; Type: SEQUENCE SET; Schema: public; Owner: postgres
--

SELECT pg_catalog.setval('public.auth_permission_id_seq', 120, true);


--
-- Name: auth_user_groups_id_seq; Type: SEQUENCE SET; Schema: public; Owner: postgres
--

SELECT pg_catalog.setval('public.auth_user_groups_id_seq', 1, false);


--
-- Name: auth_user_id_seq; Type: SEQUENCE SET; Schema: public; Owner: postgres
--

SELECT pg_catalog.setval('public.auth_user_id_seq', 76, true);


--
-- Name: auth_user_user_permissions_id_seq; Type: SEQUENCE SET; Schema: public; Owner: postgres
--

SELECT pg_catalog.setval('public.auth_user_user_permissions_id_seq', 1, false);


--
-- Name: cart_cart_id_seq; Type: SEQUENCE SET; Schema: public; Owner: postgres
--

SELECT pg_catalog.setval('public.cart_cart_id_seq', 5, true);


--
-- Name: cart_cartitem_id_seq; Type: SEQUENCE SET; Schema: public; Owner: postgres
--

SELECT pg_catalog.setval('public.cart_cartitem_id_seq', 110, true);


--
-- Name: cart_coupon_id_seq; Type: SEQUENCE SET; Schema: public; Owner: postgres
--

SELECT pg_catalog.setval('public.cart_coupon_id_seq', 6, true);


--
-- Name: cart_wishlist_id_seq; Type: SEQUENCE SET; Schema: public; Owner: postgres
--

SELECT pg_catalog.setval('public.cart_wishlist_id_seq', 2, true);


--
-- Name: cart_wishlistitem_id_seq; Type: SEQUENCE SET; Schema: public; Owner: postgres
--

SELECT pg_catalog.setval('public.cart_wishlistitem_id_seq', 26, true);


--
-- Name: django_admin_log_id_seq; Type: SEQUENCE SET; Schema: public; Owner: postgres
--

SELECT pg_catalog.setval('public.django_admin_log_id_seq', 18, true);


--
-- Name: django_content_type_id_seq; Type: SEQUENCE SET; Schema: public; Owner: postgres
--

SELECT pg_catalog.setval('public.django_content_type_id_seq', 30, true);


--
-- Name: django_migrations_id_seq; Type: SEQUENCE SET; Schema: public; Owner: postgres
--

SELECT pg_catalog.setval('public.django_migrations_id_seq', 74, true);


--
-- Name: django_site_id_seq; Type: SEQUENCE SET; Schema: public; Owner: postgres
--

SELECT pg_catalog.setval('public.django_site_id_seq', 2, true);


--
-- Name: offer_categoryoffer_id_seq; Type: SEQUENCE SET; Schema: public; Owner: postgres
--

SELECT pg_catalog.setval('public.offer_categoryoffer_id_seq', 2, true);


--
-- Name: offer_productoffer_id_seq; Type: SEQUENCE SET; Schema: public; Owner: postgres
--

SELECT pg_catalog.setval('public.offer_productoffer_id_seq', 1, false);


--
-- Name: offer_referraloffer_id_seq; Type: SEQUENCE SET; Schema: public; Owner: postgres
--

SELECT pg_catalog.setval('public.offer_referraloffer_id_seq', 7, true);


--
-- Name: orders_order_id_seq; Type: SEQUENCE SET; Schema: public; Owner: postgres
--

SELECT pg_catalog.setval('public.orders_order_id_seq', 54, true);


--
-- Name: orders_orderitem_id_seq; Type: SEQUENCE SET; Schema: public; Owner: postgres
--

SELECT pg_catalog.setval('public.orders_orderitem_id_seq', 62, true);


--
-- Name: orders_transaction_id_seq; Type: SEQUENCE SET; Schema: public; Owner: postgres
--

SELECT pg_catalog.setval('public.orders_transaction_id_seq', 8, true);


--
-- Name: orders_wallet_id_seq; Type: SEQUENCE SET; Schema: public; Owner: postgres
--

SELECT pg_catalog.setval('public.orders_wallet_id_seq', 11, true);


--
-- Name: socialaccount_socialaccount_id_seq; Type: SEQUENCE SET; Schema: public; Owner: postgres
--

SELECT pg_catalog.setval('public.socialaccount_socialaccount_id_seq', 3, true);


--
-- Name: socialaccount_socialapp_id_seq; Type: SEQUENCE SET; Schema: public; Owner: postgres
--

SELECT pg_catalog.setval('public.socialaccount_socialapp_id_seq', 1, true);


--
-- Name: socialaccount_socialapp_sites_id_seq; Type: SEQUENCE SET; Schema: public; Owner: postgres
--

SELECT pg_catalog.setval('public.socialaccount_socialapp_sites_id_seq', 1, true);


--
-- Name: socialaccount_socialtoken_id_seq; Type: SEQUENCE SET; Schema: public; Owner: postgres
--

SELECT pg_catalog.setval('public.socialaccount_socialtoken_id_seq', 1, false);


--
-- Name: account_emailaddress account_emailaddress_pkey; Type: CONSTRAINT; Schema: public; Owner: postgres
--

ALTER TABLE ONLY public.account_emailaddress
    ADD CONSTRAINT account_emailaddress_pkey PRIMARY KEY (id);


--
-- Name: account_emailaddress account_emailaddress_user_id_email_987c8728_uniq; Type: CONSTRAINT; Schema: public; Owner: postgres
--

ALTER TABLE ONLY public.account_emailaddress
    ADD CONSTRAINT account_emailaddress_user_id_email_987c8728_uniq UNIQUE (user_id, email);


--
-- Name: account_emailconfirmation account_emailconfirmation_key_key; Type: CONSTRAINT; Schema: public; Owner: postgres
--

ALTER TABLE ONLY public.account_emailconfirmation
    ADD CONSTRAINT account_emailconfirmation_key_key UNIQUE (key);


--
-- Name: account_emailconfirmation account_emailconfirmation_pkey; Type: CONSTRAINT; Schema: public; Owner: postgres
--

ALTER TABLE ONLY public.account_emailconfirmation
    ADD CONSTRAINT account_emailconfirmation_pkey PRIMARY KEY (id);


--
-- Name: accounts_address accounts_address_pkey; Type: CONSTRAINT; Schema: public; Owner: postgres
--

ALTER TABLE ONLY public.accounts_address
    ADD CONSTRAINT accounts_address_pkey PRIMARY KEY (id);


--
-- Name: accounts_address accounts_address_uid_key; Type: CONSTRAINT; Schema: public; Owner: postgres
--

ALTER TABLE ONLY public.accounts_address
    ADD CONSTRAINT accounts_address_uid_key UNIQUE (uid);


--
-- Name: accounts_profile accounts_profile_pkey; Type: CONSTRAINT; Schema: public; Owner: postgres
--

ALTER TABLE ONLY public.accounts_profile
    ADD CONSTRAINT accounts_profile_pkey PRIMARY KEY (uid);


--
-- Name: accounts_profile accounts_profile_slug_key; Type: CONSTRAINT; Schema: public; Owner: postgres
--

ALTER TABLE ONLY public.accounts_profile
    ADD CONSTRAINT accounts_profile_slug_key UNIQUE (slug);


--
-- Name: accounts_profile accounts_profile_user_id_key; Type: CONSTRAINT; Schema: public; Owner: postgres
--

ALTER TABLE ONLY public.accounts_profile
    ADD CONSTRAINT accounts_profile_user_id_key UNIQUE (user_id);


--
-- Name: auth_group auth_group_name_key; Type: CONSTRAINT; Schema: public; Owner: postgres
--

ALTER TABLE ONLY public.auth_group
    ADD CONSTRAINT auth_group_name_key UNIQUE (name);


--
-- Name: auth_group_permissions auth_group_permissions_group_id_permission_id_0cd325b0_uniq; Type: CONSTRAINT; Schema: public; Owner: postgres
--

ALTER TABLE ONLY public.auth_group_permissions
    ADD CONSTRAINT auth_group_permissions_group_id_permission_id_0cd325b0_uniq UNIQUE (group_id, permission_id);


--
-- Name: auth_group_permissions auth_group_permissions_pkey; Type: CONSTRAINT; Schema: public; Owner: postgres
--

ALTER TABLE ONLY public.auth_group_permissions
    ADD CONSTRAINT auth_group_permissions_pkey PRIMARY KEY (id);


--
-- Name: auth_group auth_group_pkey; Type: CONSTRAINT; Schema: public; Owner: postgres
--

ALTER TABLE ONLY public.auth_group
    ADD CONSTRAINT auth_group_pkey PRIMARY KEY (id);


--
-- Name: auth_permission auth_permission_content_type_id_codename_01ab375a_uniq; Type: CONSTRAINT; Schema: public; Owner: postgres
--

ALTER TABLE ONLY public.auth_permission
    ADD CONSTRAINT auth_permission_content_type_id_codename_01ab375a_uniq UNIQUE (content_type_id, codename);


--
-- Name: auth_permission auth_permission_pkey; Type: CONSTRAINT; Schema: public; Owner: postgres
--

ALTER TABLE ONLY public.auth_permission
    ADD CONSTRAINT auth_permission_pkey PRIMARY KEY (id);


--
-- Name: auth_user_groups auth_user_groups_pkey; Type: CONSTRAINT; Schema: public; Owner: postgres
--

ALTER TABLE ONLY public.auth_user_groups
    ADD CONSTRAINT auth_user_groups_pkey PRIMARY KEY (id);


--
-- Name: auth_user_groups auth_user_groups_user_id_group_id_94350c0c_uniq; Type: CONSTRAINT; Schema: public; Owner: postgres
--

ALTER TABLE ONLY public.auth_user_groups
    ADD CONSTRAINT auth_user_groups_user_id_group_id_94350c0c_uniq UNIQUE (user_id, group_id);


--
-- Name: auth_user auth_user_pkey; Type: CONSTRAINT; Schema: public; Owner: postgres
--

ALTER TABLE ONLY public.auth_user
    ADD CONSTRAINT auth_user_pkey PRIMARY KEY (id);


--
-- Name: auth_user_user_permissions auth_user_user_permissions_pkey; Type: CONSTRAINT; Schema: public; Owner: postgres
--

ALTER TABLE ONLY public.auth_user_user_permissions
    ADD CONSTRAINT auth_user_user_permissions_pkey PRIMARY KEY (id);


--
-- Name: auth_user_user_permissions auth_user_user_permissions_user_id_permission_id_14a6b632_uniq; Type: CONSTRAINT; Schema: public; Owner: postgres
--

ALTER TABLE ONLY public.auth_user_user_permissions
    ADD CONSTRAINT auth_user_user_permissions_user_id_permission_id_14a6b632_uniq UNIQUE (user_id, permission_id);


--
-- Name: auth_user auth_user_username_key; Type: CONSTRAINT; Schema: public; Owner: postgres
--

ALTER TABLE ONLY public.auth_user
    ADD CONSTRAINT auth_user_username_key UNIQUE (username);


--
-- Name: cart_cart cart_cart_pkey; Type: CONSTRAINT; Schema: public; Owner: postgres
--

ALTER TABLE ONLY public.cart_cart
    ADD CONSTRAINT cart_cart_pkey PRIMARY KEY (id);


--
-- Name: cart_cart cart_cart_profile_id_key; Type: CONSTRAINT; Schema: public; Owner: postgres
--

ALTER TABLE ONLY public.cart_cart
    ADD CONSTRAINT cart_cart_profile_id_key UNIQUE (profile_id);


--
-- Name: cart_cartitem cart_cartitem_pkey; Type: CONSTRAINT; Schema: public; Owner: postgres
--

ALTER TABLE ONLY public.cart_cartitem
    ADD CONSTRAINT cart_cartitem_pkey PRIMARY KEY (id);


--
-- Name: cart_coupon cart_coupon_coupon_code_key; Type: CONSTRAINT; Schema: public; Owner: postgres
--

ALTER TABLE ONLY public.cart_coupon
    ADD CONSTRAINT cart_coupon_coupon_code_key UNIQUE (coupon_code);


--
-- Name: cart_coupon cart_coupon_pkey; Type: CONSTRAINT; Schema: public; Owner: postgres
--

ALTER TABLE ONLY public.cart_coupon
    ADD CONSTRAINT cart_coupon_pkey PRIMARY KEY (id);


--
-- Name: cart_wishlist cart_wishlist_pkey; Type: CONSTRAINT; Schema: public; Owner: postgres
--

ALTER TABLE ONLY public.cart_wishlist
    ADD CONSTRAINT cart_wishlist_pkey PRIMARY KEY (id);


--
-- Name: cart_wishlist cart_wishlist_profile_id_key; Type: CONSTRAINT; Schema: public; Owner: postgres
--

ALTER TABLE ONLY public.cart_wishlist
    ADD CONSTRAINT cart_wishlist_profile_id_key UNIQUE (profile_id);


--
-- Name: cart_wishlistitem cart_wishlistitem_pkey; Type: CONSTRAINT; Schema: public; Owner: postgres
--

ALTER TABLE ONLY public.cart_wishlistitem
    ADD CONSTRAINT cart_wishlistitem_pkey PRIMARY KEY (id);


--
-- Name: django_admin_log django_admin_log_pkey; Type: CONSTRAINT; Schema: public; Owner: postgres
--

ALTER TABLE ONLY public.django_admin_log
    ADD CONSTRAINT django_admin_log_pkey PRIMARY KEY (id);


--
-- Name: django_content_type django_content_type_app_label_model_76bd3d3b_uniq; Type: CONSTRAINT; Schema: public; Owner: postgres
--

ALTER TABLE ONLY public.django_content_type
    ADD CONSTRAINT django_content_type_app_label_model_76bd3d3b_uniq UNIQUE (app_label, model);


--
-- Name: django_content_type django_content_type_pkey; Type: CONSTRAINT; Schema: public; Owner: postgres
--

ALTER TABLE ONLY public.django_content_type
    ADD CONSTRAINT django_content_type_pkey PRIMARY KEY (id);


--
-- Name: django_migrations django_migrations_pkey; Type: CONSTRAINT; Schema: public; Owner: postgres
--

ALTER TABLE ONLY public.django_migrations
    ADD CONSTRAINT django_migrations_pkey PRIMARY KEY (id);


--
-- Name: django_session django_session_pkey; Type: CONSTRAINT; Schema: public; Owner: postgres
--

ALTER TABLE ONLY public.django_session
    ADD CONSTRAINT django_session_pkey PRIMARY KEY (session_key);


--
-- Name: django_site django_site_domain_a2e37b91_uniq; Type: CONSTRAINT; Schema: public; Owner: postgres
--

ALTER TABLE ONLY public.django_site
    ADD CONSTRAINT django_site_domain_a2e37b91_uniq UNIQUE (domain);


--
-- Name: django_site django_site_pkey; Type: CONSTRAINT; Schema: public; Owner: postgres
--

ALTER TABLE ONLY public.django_site
    ADD CONSTRAINT django_site_pkey PRIMARY KEY (id);


--
-- Name: offer_categoryoffer offer_categoryoffer_category_id_key; Type: CONSTRAINT; Schema: public; Owner: postgres
--

ALTER TABLE ONLY public.offer_categoryoffer
    ADD CONSTRAINT offer_categoryoffer_category_id_key UNIQUE (category_id);


--
-- Name: offer_categoryoffer offer_categoryoffer_pkey; Type: CONSTRAINT; Schema: public; Owner: postgres
--

ALTER TABLE ONLY public.offer_categoryoffer
    ADD CONSTRAINT offer_categoryoffer_pkey PRIMARY KEY (id);


--
-- Name: offer_productoffer offer_productoffer_pkey; Type: CONSTRAINT; Schema: public; Owner: postgres
--

ALTER TABLE ONLY public.offer_productoffer
    ADD CONSTRAINT offer_productoffer_pkey PRIMARY KEY (id);


--
-- Name: offer_productoffer offer_productoffer_product_id_key; Type: CONSTRAINT; Schema: public; Owner: postgres
--

ALTER TABLE ONLY public.offer_productoffer
    ADD CONSTRAINT offer_productoffer_product_id_key UNIQUE (product_id);


--
-- Name: offer_referraloffer offer_referraloffer_pkey; Type: CONSTRAINT; Schema: public; Owner: postgres
--

ALTER TABLE ONLY public.offer_referraloffer
    ADD CONSTRAINT offer_referraloffer_pkey PRIMARY KEY (id);


--
-- Name: offer_referraloffer offer_referraloffer_referral_code_key; Type: CONSTRAINT; Schema: public; Owner: postgres
--

ALTER TABLE ONLY public.offer_referraloffer
    ADD CONSTRAINT offer_referraloffer_referral_code_key UNIQUE (referral_code);


--
-- Name: offer_referraloffer offer_referraloffer_user_id_key; Type: CONSTRAINT; Schema: public; Owner: postgres
--

ALTER TABLE ONLY public.offer_referraloffer
    ADD CONSTRAINT offer_referraloffer_user_id_key UNIQUE (user_id);


--
-- Name: orders_order orders_order_pkey; Type: CONSTRAINT; Schema: public; Owner: postgres
--

ALTER TABLE ONLY public.orders_order
    ADD CONSTRAINT orders_order_pkey PRIMARY KEY (id);


--
-- Name: orders_orderitem orders_orderitem_pkey; Type: CONSTRAINT; Schema: public; Owner: postgres
--

ALTER TABLE ONLY public.orders_orderitem
    ADD CONSTRAINT orders_orderitem_pkey PRIMARY KEY (id);


--
-- Name: orders_transaction orders_transaction_pkey; Type: CONSTRAINT; Schema: public; Owner: postgres
--

ALTER TABLE ONLY public.orders_transaction
    ADD CONSTRAINT orders_transaction_pkey PRIMARY KEY (id);


--
-- Name: orders_transaction orders_transaction_transaction_id_key; Type: CONSTRAINT; Schema: public; Owner: postgres
--

ALTER TABLE ONLY public.orders_transaction
    ADD CONSTRAINT orders_transaction_transaction_id_key UNIQUE (transaction_id);


--
-- Name: orders_wallet orders_wallet_pkey; Type: CONSTRAINT; Schema: public; Owner: postgres
--

ALTER TABLE ONLY public.orders_wallet
    ADD CONSTRAINT orders_wallet_pkey PRIMARY KEY (id);


--
-- Name: orders_wallet orders_wallet_profile_id_key; Type: CONSTRAINT; Schema: public; Owner: postgres
--

ALTER TABLE ONLY public.orders_wallet
    ADD CONSTRAINT orders_wallet_profile_id_key UNIQUE (profile_id);


--
-- Name: products_category products_category_pkey; Type: CONSTRAINT; Schema: public; Owner: postgres
--

ALTER TABLE ONLY public.products_category
    ADD CONSTRAINT products_category_pkey PRIMARY KEY (uid);


--
-- Name: products_category products_category_slug_key; Type: CONSTRAINT; Schema: public; Owner: postgres
--

ALTER TABLE ONLY public.products_category
    ADD CONSTRAINT products_category_slug_key UNIQUE (slug);


--
-- Name: products_product products_product_pkey; Type: CONSTRAINT; Schema: public; Owner: postgres
--

ALTER TABLE ONLY public.products_product
    ADD CONSTRAINT products_product_pkey PRIMARY KEY (uid);


--
-- Name: products_product products_product_slug_key; Type: CONSTRAINT; Schema: public; Owner: postgres
--

ALTER TABLE ONLY public.products_product
    ADD CONSTRAINT products_product_slug_key UNIQUE (slug);


--
-- Name: products_productimage products_productimage_pkey; Type: CONSTRAINT; Schema: public; Owner: postgres
--

ALTER TABLE ONLY public.products_productimage
    ADD CONSTRAINT products_productimage_pkey PRIMARY KEY (uid);


--
-- Name: products_sizevariant products_sizevariant_pkey; Type: CONSTRAINT; Schema: public; Owner: postgres
--

ALTER TABLE ONLY public.products_sizevariant
    ADD CONSTRAINT products_sizevariant_pkey PRIMARY KEY (uid);


--
-- Name: products_sizevariant products_sizevariant_product_id_size_name_a85c1987_uniq; Type: CONSTRAINT; Schema: public; Owner: postgres
--

ALTER TABLE ONLY public.products_sizevariant
    ADD CONSTRAINT products_sizevariant_product_id_size_name_a85c1987_uniq UNIQUE (product_id, size_name);


--
-- Name: socialaccount_socialaccount socialaccount_socialaccount_pkey; Type: CONSTRAINT; Schema: public; Owner: postgres
--

ALTER TABLE ONLY public.socialaccount_socialaccount
    ADD CONSTRAINT socialaccount_socialaccount_pkey PRIMARY KEY (id);


--
-- Name: socialaccount_socialaccount socialaccount_socialaccount_provider_uid_fc810c6e_uniq; Type: CONSTRAINT; Schema: public; Owner: postgres
--

ALTER TABLE ONLY public.socialaccount_socialaccount
    ADD CONSTRAINT socialaccount_socialaccount_provider_uid_fc810c6e_uniq UNIQUE (provider, uid);


--
-- Name: socialaccount_socialapp_sites socialaccount_socialapp__socialapp_id_site_id_71a9a768_uniq; Type: CONSTRAINT; Schema: public; Owner: postgres
--

ALTER TABLE ONLY public.socialaccount_socialapp_sites
    ADD CONSTRAINT socialaccount_socialapp__socialapp_id_site_id_71a9a768_uniq UNIQUE (socialapp_id, site_id);


--
-- Name: socialaccount_socialapp socialaccount_socialapp_pkey; Type: CONSTRAINT; Schema: public; Owner: postgres
--

ALTER TABLE ONLY public.socialaccount_socialapp
    ADD CONSTRAINT socialaccount_socialapp_pkey PRIMARY KEY (id);


--
-- Name: socialaccount_socialapp_sites socialaccount_socialapp_sites_pkey; Type: CONSTRAINT; Schema: public; Owner: postgres
--

ALTER TABLE ONLY public.socialaccount_socialapp_sites
    ADD CONSTRAINT socialaccount_socialapp_sites_pkey PRIMARY KEY (id);


--
-- Name: socialaccount_socialtoken socialaccount_socialtoken_app_id_account_id_fca4e0ac_uniq; Type: CONSTRAINT; Schema: public; Owner: postgres
--

ALTER TABLE ONLY public.socialaccount_socialtoken
    ADD CONSTRAINT socialaccount_socialtoken_app_id_account_id_fca4e0ac_uniq UNIQUE (app_id, account_id);


--
-- Name: socialaccount_socialtoken socialaccount_socialtoken_pkey; Type: CONSTRAINT; Schema: public; Owner: postgres
--

ALTER TABLE ONLY public.socialaccount_socialtoken
    ADD CONSTRAINT socialaccount_socialtoken_pkey PRIMARY KEY (id);


--
-- Name: account_emailaddress_email_03be32b2; Type: INDEX; Schema: public; Owner: postgres
--

CREATE INDEX account_emailaddress_email_03be32b2 ON public.account_emailaddress USING btree (email);


--
-- Name: account_emailaddress_email_03be32b2_like; Type: INDEX; Schema: public; Owner: postgres
--

CREATE INDEX account_emailaddress_email_03be32b2_like ON public.account_emailaddress USING btree (email varchar_pattern_ops);


--
-- Name: account_emailaddress_user_id_2c513194; Type: INDEX; Schema: public; Owner: postgres
--

CREATE INDEX account_emailaddress_user_id_2c513194 ON public.account_emailaddress USING btree (user_id);


--
-- Name: account_emailconfirmation_email_address_id_5b7f8c58; Type: INDEX; Schema: public; Owner: postgres
--

CREATE INDEX account_emailconfirmation_email_address_id_5b7f8c58 ON public.account_emailconfirmation USING btree (email_address_id);


--
-- Name: account_emailconfirmation_key_f43612bd_like; Type: INDEX; Schema: public; Owner: postgres
--

CREATE INDEX account_emailconfirmation_key_f43612bd_like ON public.account_emailconfirmation USING btree (key varchar_pattern_ops);


--
-- Name: accounts_address_profile_id_23a391ea; Type: INDEX; Schema: public; Owner: postgres
--

CREATE INDEX accounts_address_profile_id_23a391ea ON public.accounts_address USING btree (profile_id);


--
-- Name: accounts_profile_slug_8a7a322e_like; Type: INDEX; Schema: public; Owner: postgres
--

CREATE INDEX accounts_profile_slug_8a7a322e_like ON public.accounts_profile USING btree (slug varchar_pattern_ops);


--
-- Name: auth_group_name_a6ea08ec_like; Type: INDEX; Schema: public; Owner: postgres
--

CREATE INDEX auth_group_name_a6ea08ec_like ON public.auth_group USING btree (name varchar_pattern_ops);


--
-- Name: auth_group_permissions_group_id_b120cbf9; Type: INDEX; Schema: public; Owner: postgres
--

CREATE INDEX auth_group_permissions_group_id_b120cbf9 ON public.auth_group_permissions USING btree (group_id);


--
-- Name: auth_group_permissions_permission_id_84c5c92e; Type: INDEX; Schema: public; Owner: postgres
--

CREATE INDEX auth_group_permissions_permission_id_84c5c92e ON public.auth_group_permissions USING btree (permission_id);


--
-- Name: auth_permission_content_type_id_2f476e4b; Type: INDEX; Schema: public; Owner: postgres
--

CREATE INDEX auth_permission_content_type_id_2f476e4b ON public.auth_permission USING btree (content_type_id);


--
-- Name: auth_user_groups_group_id_97559544; Type: INDEX; Schema: public; Owner: postgres
--

CREATE INDEX auth_user_groups_group_id_97559544 ON public.auth_user_groups USING btree (group_id);


--
-- Name: auth_user_groups_user_id_6a12ed8b; Type: INDEX; Schema: public; Owner: postgres
--

CREATE INDEX auth_user_groups_user_id_6a12ed8b ON public.auth_user_groups USING btree (user_id);


--
-- Name: auth_user_user_permissions_permission_id_1fbb5f2c; Type: INDEX; Schema: public; Owner: postgres
--

CREATE INDEX auth_user_user_permissions_permission_id_1fbb5f2c ON public.auth_user_user_permissions USING btree (permission_id);


--
-- Name: auth_user_user_permissions_user_id_a95ead1b; Type: INDEX; Schema: public; Owner: postgres
--

CREATE INDEX auth_user_user_permissions_user_id_a95ead1b ON public.auth_user_user_permissions USING btree (user_id);


--
-- Name: auth_user_username_6821ab7c_like; Type: INDEX; Schema: public; Owner: postgres
--

CREATE INDEX auth_user_username_6821ab7c_like ON public.auth_user USING btree (username varchar_pattern_ops);


--
-- Name: cart_cartitem_cart_id_370ad265; Type: INDEX; Schema: public; Owner: postgres
--

CREATE INDEX cart_cartitem_cart_id_370ad265 ON public.cart_cartitem USING btree (cart_id);


--
-- Name: cart_cartitem_product_id_b24e265a; Type: INDEX; Schema: public; Owner: postgres
--

CREATE INDEX cart_cartitem_product_id_b24e265a ON public.cart_cartitem USING btree (product_id);


--
-- Name: cart_cartitem_size_variant_id_a37a1b40; Type: INDEX; Schema: public; Owner: postgres
--

CREATE INDEX cart_cartitem_size_variant_id_a37a1b40 ON public.cart_cartitem USING btree (size_variant_id);


--
-- Name: cart_coupon_coupon_code_be4bb51a_like; Type: INDEX; Schema: public; Owner: postgres
--

CREATE INDEX cart_coupon_coupon_code_be4bb51a_like ON public.cart_coupon USING btree (coupon_code varchar_pattern_ops);


--
-- Name: cart_wishlistitem_product_id_c183b0d4; Type: INDEX; Schema: public; Owner: postgres
--

CREATE INDEX cart_wishlistitem_product_id_c183b0d4 ON public.cart_wishlistitem USING btree (product_id);


--
-- Name: cart_wishlistitem_size_variant_id_a78c27ce; Type: INDEX; Schema: public; Owner: postgres
--

CREATE INDEX cart_wishlistitem_size_variant_id_a78c27ce ON public.cart_wishlistitem USING btree (size_variant_id);


--
-- Name: cart_wishlistitem_wishlist_id_dd2c2649; Type: INDEX; Schema: public; Owner: postgres
--

CREATE INDEX cart_wishlistitem_wishlist_id_dd2c2649 ON public.cart_wishlistitem USING btree (wishlist_id);


--
-- Name: django_admin_log_content_type_id_c4bce8eb; Type: INDEX; Schema: public; Owner: postgres
--

CREATE INDEX django_admin_log_content_type_id_c4bce8eb ON public.django_admin_log USING btree (content_type_id);


--
-- Name: django_admin_log_user_id_c564eba6; Type: INDEX; Schema: public; Owner: postgres
--

CREATE INDEX django_admin_log_user_id_c564eba6 ON public.django_admin_log USING btree (user_id);


--
-- Name: django_session_expire_date_a5c62663; Type: INDEX; Schema: public; Owner: postgres
--

CREATE INDEX django_session_expire_date_a5c62663 ON public.django_session USING btree (expire_date);


--
-- Name: django_session_session_key_c0390e0f_like; Type: INDEX; Schema: public; Owner: postgres
--

CREATE INDEX django_session_session_key_c0390e0f_like ON public.django_session USING btree (session_key varchar_pattern_ops);


--
-- Name: django_site_domain_a2e37b91_like; Type: INDEX; Schema: public; Owner: postgres
--

CREATE INDEX django_site_domain_a2e37b91_like ON public.django_site USING btree (domain varchar_pattern_ops);


--
-- Name: offer_referraloffer_referral_code_eb210e96_like; Type: INDEX; Schema: public; Owner: postgres
--

CREATE INDEX offer_referraloffer_referral_code_eb210e96_like ON public.offer_referraloffer USING btree (referral_code varchar_pattern_ops);


--
-- Name: offer_referraloffer_referred_by_id_35de531b; Type: INDEX; Schema: public; Owner: postgres
--

CREATE INDEX offer_referraloffer_referred_by_id_35de531b ON public.offer_referraloffer USING btree (referred_by_id);


--
-- Name: orders_order_profile_id_0f98db0f; Type: INDEX; Schema: public; Owner: postgres
--

CREATE INDEX orders_order_profile_id_0f98db0f ON public.orders_order USING btree (profile_id);


--
-- Name: orders_orderitem_order_id_fe61a34d; Type: INDEX; Schema: public; Owner: postgres
--

CREATE INDEX orders_orderitem_order_id_fe61a34d ON public.orders_orderitem USING btree (order_id);


--
-- Name: orders_orderitem_product_id_afe4254a; Type: INDEX; Schema: public; Owner: postgres
--

CREATE INDEX orders_orderitem_product_id_afe4254a ON public.orders_orderitem USING btree (product_id);


--
-- Name: orders_transaction_wallet_id_84d3a0bc; Type: INDEX; Schema: public; Owner: postgres
--

CREATE INDEX orders_transaction_wallet_id_84d3a0bc ON public.orders_transaction USING btree (wallet_id);


--
-- Name: products_category_slug_c558efae_like; Type: INDEX; Schema: public; Owner: postgres
--

CREATE INDEX products_category_slug_c558efae_like ON public.products_category USING btree (slug varchar_pattern_ops);


--
-- Name: products_product_category_id_9b594869; Type: INDEX; Schema: public; Owner: postgres
--

CREATE INDEX products_product_category_id_9b594869 ON public.products_product USING btree (category_id);


--
-- Name: products_product_slug_70d3148d_like; Type: INDEX; Schema: public; Owner: postgres
--

CREATE INDEX products_product_slug_70d3148d_like ON public.products_product USING btree (slug varchar_pattern_ops);


--
-- Name: products_productimage_product_id_e747596a; Type: INDEX; Schema: public; Owner: postgres
--

CREATE INDEX products_productimage_product_id_e747596a ON public.products_productimage USING btree (product_id);


--
-- Name: products_sizevariant_product_id_9e4feaf0; Type: INDEX; Schema: public; Owner: postgres
--

CREATE INDEX products_sizevariant_product_id_9e4feaf0 ON public.products_sizevariant USING btree (product_id);


--
-- Name: socialaccount_socialaccount_user_id_8146e70c; Type: INDEX; Schema: public; Owner: postgres
--

CREATE INDEX socialaccount_socialaccount_user_id_8146e70c ON public.socialaccount_socialaccount USING btree (user_id);


--
-- Name: socialaccount_socialapp_sites_site_id_2579dee5; Type: INDEX; Schema: public; Owner: postgres
--

CREATE INDEX socialaccount_socialapp_sites_site_id_2579dee5 ON public.socialaccount_socialapp_sites USING btree (site_id);


--
-- Name: socialaccount_socialapp_sites_socialapp_id_97fb6e7d; Type: INDEX; Schema: public; Owner: postgres
--

CREATE INDEX socialaccount_socialapp_sites_socialapp_id_97fb6e7d ON public.socialaccount_socialapp_sites USING btree (socialapp_id);


--
-- Name: socialaccount_socialtoken_account_id_951f210e; Type: INDEX; Schema: public; Owner: postgres
--

CREATE INDEX socialaccount_socialtoken_account_id_951f210e ON public.socialaccount_socialtoken USING btree (account_id);


--
-- Name: socialaccount_socialtoken_app_id_636a42d7; Type: INDEX; Schema: public; Owner: postgres
--

CREATE INDEX socialaccount_socialtoken_app_id_636a42d7 ON public.socialaccount_socialtoken USING btree (app_id);


--
-- Name: unique_primary_email; Type: INDEX; Schema: public; Owner: postgres
--

CREATE UNIQUE INDEX unique_primary_email ON public.account_emailaddress USING btree (user_id, "primary") WHERE "primary";


--
-- Name: unique_verified_email; Type: INDEX; Schema: public; Owner: postgres
--

CREATE UNIQUE INDEX unique_verified_email ON public.account_emailaddress USING btree (email) WHERE verified;


--
-- Name: account_emailaddress account_emailaddress_user_id_2c513194_fk_auth_user_id; Type: FK CONSTRAINT; Schema: public; Owner: postgres
--

ALTER TABLE ONLY public.account_emailaddress
    ADD CONSTRAINT account_emailaddress_user_id_2c513194_fk_auth_user_id FOREIGN KEY (user_id) REFERENCES public.auth_user(id) DEFERRABLE INITIALLY DEFERRED;


--
-- Name: account_emailconfirmation account_emailconfirm_email_address_id_5b7f8c58_fk_account_e; Type: FK CONSTRAINT; Schema: public; Owner: postgres
--

ALTER TABLE ONLY public.account_emailconfirmation
    ADD CONSTRAINT account_emailconfirm_email_address_id_5b7f8c58_fk_account_e FOREIGN KEY (email_address_id) REFERENCES public.account_emailaddress(id) DEFERRABLE INITIALLY DEFERRED;


--
-- Name: accounts_address accounts_address_profile_id_23a391ea_fk_accounts_profile_uid; Type: FK CONSTRAINT; Schema: public; Owner: postgres
--

ALTER TABLE ONLY public.accounts_address
    ADD CONSTRAINT accounts_address_profile_id_23a391ea_fk_accounts_profile_uid FOREIGN KEY (profile_id) REFERENCES public.accounts_profile(uid) DEFERRABLE INITIALLY DEFERRED;


--
-- Name: accounts_profile accounts_profile_user_id_49a85d32_fk_auth_user_id; Type: FK CONSTRAINT; Schema: public; Owner: postgres
--

ALTER TABLE ONLY public.accounts_profile
    ADD CONSTRAINT accounts_profile_user_id_49a85d32_fk_auth_user_id FOREIGN KEY (user_id) REFERENCES public.auth_user(id) DEFERRABLE INITIALLY DEFERRED;


--
-- Name: auth_group_permissions auth_group_permissio_permission_id_84c5c92e_fk_auth_perm; Type: FK CONSTRAINT; Schema: public; Owner: postgres
--

ALTER TABLE ONLY public.auth_group_permissions
    ADD CONSTRAINT auth_group_permissio_permission_id_84c5c92e_fk_auth_perm FOREIGN KEY (permission_id) REFERENCES public.auth_permission(id) DEFERRABLE INITIALLY DEFERRED;


--
-- Name: auth_group_permissions auth_group_permissions_group_id_b120cbf9_fk_auth_group_id; Type: FK CONSTRAINT; Schema: public; Owner: postgres
--

ALTER TABLE ONLY public.auth_group_permissions
    ADD CONSTRAINT auth_group_permissions_group_id_b120cbf9_fk_auth_group_id FOREIGN KEY (group_id) REFERENCES public.auth_group(id) DEFERRABLE INITIALLY DEFERRED;


--
-- Name: auth_permission auth_permission_content_type_id_2f476e4b_fk_django_co; Type: FK CONSTRAINT; Schema: public; Owner: postgres
--

ALTER TABLE ONLY public.auth_permission
    ADD CONSTRAINT auth_permission_content_type_id_2f476e4b_fk_django_co FOREIGN KEY (content_type_id) REFERENCES public.django_content_type(id) DEFERRABLE INITIALLY DEFERRED;


--
-- Name: auth_user_groups auth_user_groups_group_id_97559544_fk_auth_group_id; Type: FK CONSTRAINT; Schema: public; Owner: postgres
--

ALTER TABLE ONLY public.auth_user_groups
    ADD CONSTRAINT auth_user_groups_group_id_97559544_fk_auth_group_id FOREIGN KEY (group_id) REFERENCES public.auth_group(id) DEFERRABLE INITIALLY DEFERRED;


--
-- Name: auth_user_groups auth_user_groups_user_id_6a12ed8b_fk_auth_user_id; Type: FK CONSTRAINT; Schema: public; Owner: postgres
--

ALTER TABLE ONLY public.auth_user_groups
    ADD CONSTRAINT auth_user_groups_user_id_6a12ed8b_fk_auth_user_id FOREIGN KEY (user_id) REFERENCES public.auth_user(id) DEFERRABLE INITIALLY DEFERRED;


--
-- Name: auth_user_user_permissions auth_user_user_permi_permission_id_1fbb5f2c_fk_auth_perm; Type: FK CONSTRAINT; Schema: public; Owner: postgres
--

ALTER TABLE ONLY public.auth_user_user_permissions
    ADD CONSTRAINT auth_user_user_permi_permission_id_1fbb5f2c_fk_auth_perm FOREIGN KEY (permission_id) REFERENCES public.auth_permission(id) DEFERRABLE INITIALLY DEFERRED;


--
-- Name: auth_user_user_permissions auth_user_user_permissions_user_id_a95ead1b_fk_auth_user_id; Type: FK CONSTRAINT; Schema: public; Owner: postgres
--

ALTER TABLE ONLY public.auth_user_user_permissions
    ADD CONSTRAINT auth_user_user_permissions_user_id_a95ead1b_fk_auth_user_id FOREIGN KEY (user_id) REFERENCES public.auth_user(id) DEFERRABLE INITIALLY DEFERRED;


--
-- Name: cart_cart cart_cart_profile_id_ca4c8610_fk_accounts_profile_uid; Type: FK CONSTRAINT; Schema: public; Owner: postgres
--

ALTER TABLE ONLY public.cart_cart
    ADD CONSTRAINT cart_cart_profile_id_ca4c8610_fk_accounts_profile_uid FOREIGN KEY (profile_id) REFERENCES public.accounts_profile(uid) DEFERRABLE INITIALLY DEFERRED;


--
-- Name: cart_cartitem cart_cartitem_cart_id_370ad265_fk_cart_cart_id; Type: FK CONSTRAINT; Schema: public; Owner: postgres
--

ALTER TABLE ONLY public.cart_cartitem
    ADD CONSTRAINT cart_cartitem_cart_id_370ad265_fk_cart_cart_id FOREIGN KEY (cart_id) REFERENCES public.cart_cart(id) DEFERRABLE INITIALLY DEFERRED;


--
-- Name: cart_cartitem cart_cartitem_product_id_b24e265a_fk_products_product_uid; Type: FK CONSTRAINT; Schema: public; Owner: postgres
--

ALTER TABLE ONLY public.cart_cartitem
    ADD CONSTRAINT cart_cartitem_product_id_b24e265a_fk_products_product_uid FOREIGN KEY (product_id) REFERENCES public.products_product(uid) DEFERRABLE INITIALLY DEFERRED;


--
-- Name: cart_cartitem cart_cartitem_size_variant_id_a37a1b40_fk_products_; Type: FK CONSTRAINT; Schema: public; Owner: postgres
--

ALTER TABLE ONLY public.cart_cartitem
    ADD CONSTRAINT cart_cartitem_size_variant_id_a37a1b40_fk_products_ FOREIGN KEY (size_variant_id) REFERENCES public.products_sizevariant(uid) DEFERRABLE INITIALLY DEFERRED;


--
-- Name: cart_wishlist cart_wishlist_profile_id_1e931996_fk_accounts_profile_uid; Type: FK CONSTRAINT; Schema: public; Owner: postgres
--

ALTER TABLE ONLY public.cart_wishlist
    ADD CONSTRAINT cart_wishlist_profile_id_1e931996_fk_accounts_profile_uid FOREIGN KEY (profile_id) REFERENCES public.accounts_profile(uid) DEFERRABLE INITIALLY DEFERRED;


--
-- Name: cart_wishlistitem cart_wishlistitem_product_id_c183b0d4_fk_products_product_uid; Type: FK CONSTRAINT; Schema: public; Owner: postgres
--

ALTER TABLE ONLY public.cart_wishlistitem
    ADD CONSTRAINT cart_wishlistitem_product_id_c183b0d4_fk_products_product_uid FOREIGN KEY (product_id) REFERENCES public.products_product(uid) DEFERRABLE INITIALLY DEFERRED;


--
-- Name: cart_wishlistitem cart_wishlistitem_size_variant_id_a78c27ce_fk_products_; Type: FK CONSTRAINT; Schema: public; Owner: postgres
--

ALTER TABLE ONLY public.cart_wishlistitem
    ADD CONSTRAINT cart_wishlistitem_size_variant_id_a78c27ce_fk_products_ FOREIGN KEY (size_variant_id) REFERENCES public.products_sizevariant(uid) DEFERRABLE INITIALLY DEFERRED;


--
-- Name: cart_wishlistitem cart_wishlistitem_wishlist_id_dd2c2649_fk_cart_wishlist_id; Type: FK CONSTRAINT; Schema: public; Owner: postgres
--

ALTER TABLE ONLY public.cart_wishlistitem
    ADD CONSTRAINT cart_wishlistitem_wishlist_id_dd2c2649_fk_cart_wishlist_id FOREIGN KEY (wishlist_id) REFERENCES public.cart_wishlist(id) DEFERRABLE INITIALLY DEFERRED;


--
-- Name: django_admin_log django_admin_log_content_type_id_c4bce8eb_fk_django_co; Type: FK CONSTRAINT; Schema: public; Owner: postgres
--

ALTER TABLE ONLY public.django_admin_log
    ADD CONSTRAINT django_admin_log_content_type_id_c4bce8eb_fk_django_co FOREIGN KEY (content_type_id) REFERENCES public.django_content_type(id) DEFERRABLE INITIALLY DEFERRED;


--
-- Name: django_admin_log django_admin_log_user_id_c564eba6_fk_auth_user_id; Type: FK CONSTRAINT; Schema: public; Owner: postgres
--

ALTER TABLE ONLY public.django_admin_log
    ADD CONSTRAINT django_admin_log_user_id_c564eba6_fk_auth_user_id FOREIGN KEY (user_id) REFERENCES public.auth_user(id) DEFERRABLE INITIALLY DEFERRED;


--
-- Name: offer_categoryoffer offer_categoryoffer_category_id_e9a8b449_fk_products_; Type: FK CONSTRAINT; Schema: public; Owner: postgres
--

ALTER TABLE ONLY public.offer_categoryoffer
    ADD CONSTRAINT offer_categoryoffer_category_id_e9a8b449_fk_products_ FOREIGN KEY (category_id) REFERENCES public.products_category(uid) DEFERRABLE INITIALLY DEFERRED;


--
-- Name: offer_productoffer offer_productoffer_product_id_029dd4f4_fk_products_product_uid; Type: FK CONSTRAINT; Schema: public; Owner: postgres
--

ALTER TABLE ONLY public.offer_productoffer
    ADD CONSTRAINT offer_productoffer_product_id_029dd4f4_fk_products_product_uid FOREIGN KEY (product_id) REFERENCES public.products_product(uid) DEFERRABLE INITIALLY DEFERRED;


--
-- Name: offer_referraloffer offer_referraloffer_referred_by_id_35de531b_fk_accounts_; Type: FK CONSTRAINT; Schema: public; Owner: postgres
--

ALTER TABLE ONLY public.offer_referraloffer
    ADD CONSTRAINT offer_referraloffer_referred_by_id_35de531b_fk_accounts_ FOREIGN KEY (referred_by_id) REFERENCES public.accounts_profile(uid) DEFERRABLE INITIALLY DEFERRED;


--
-- Name: offer_referraloffer offer_referraloffer_user_id_12b1c582_fk_accounts_profile_uid; Type: FK CONSTRAINT; Schema: public; Owner: postgres
--

ALTER TABLE ONLY public.offer_referraloffer
    ADD CONSTRAINT offer_referraloffer_user_id_12b1c582_fk_accounts_profile_uid FOREIGN KEY (user_id) REFERENCES public.accounts_profile(uid) DEFERRABLE INITIALLY DEFERRED;


--
-- Name: orders_order orders_order_profile_id_0f98db0f_fk_accounts_profile_uid; Type: FK CONSTRAINT; Schema: public; Owner: postgres
--

ALTER TABLE ONLY public.orders_order
    ADD CONSTRAINT orders_order_profile_id_0f98db0f_fk_accounts_profile_uid FOREIGN KEY (profile_id) REFERENCES public.accounts_profile(uid) DEFERRABLE INITIALLY DEFERRED;


--
-- Name: orders_orderitem orders_orderitem_order_id_fe61a34d_fk_orders_order_id; Type: FK CONSTRAINT; Schema: public; Owner: postgres
--

ALTER TABLE ONLY public.orders_orderitem
    ADD CONSTRAINT orders_orderitem_order_id_fe61a34d_fk_orders_order_id FOREIGN KEY (order_id) REFERENCES public.orders_order(id) DEFERRABLE INITIALLY DEFERRED;


--
-- Name: orders_orderitem orders_orderitem_product_id_afe4254a_fk_products_product_uid; Type: FK CONSTRAINT; Schema: public; Owner: postgres
--

ALTER TABLE ONLY public.orders_orderitem
    ADD CONSTRAINT orders_orderitem_product_id_afe4254a_fk_products_product_uid FOREIGN KEY (product_id) REFERENCES public.products_product(uid) DEFERRABLE INITIALLY DEFERRED;


--
-- Name: orders_transaction orders_transaction_wallet_id_84d3a0bc_fk_orders_wallet_id; Type: FK CONSTRAINT; Schema: public; Owner: postgres
--

ALTER TABLE ONLY public.orders_transaction
    ADD CONSTRAINT orders_transaction_wallet_id_84d3a0bc_fk_orders_wallet_id FOREIGN KEY (wallet_id) REFERENCES public.orders_wallet(id) DEFERRABLE INITIALLY DEFERRED;


--
-- Name: orders_wallet orders_wallet_profile_id_3ecfa219_fk_accounts_profile_uid; Type: FK CONSTRAINT; Schema: public; Owner: postgres
--

ALTER TABLE ONLY public.orders_wallet
    ADD CONSTRAINT orders_wallet_profile_id_3ecfa219_fk_accounts_profile_uid FOREIGN KEY (profile_id) REFERENCES public.accounts_profile(uid) DEFERRABLE INITIALLY DEFERRED;


--
-- Name: products_product products_product_category_id_9b594869_fk_products_category_uid; Type: FK CONSTRAINT; Schema: public; Owner: postgres
--

ALTER TABLE ONLY public.products_product
    ADD CONSTRAINT products_product_category_id_9b594869_fk_products_category_uid FOREIGN KEY (category_id) REFERENCES public.products_category(uid) DEFERRABLE INITIALLY DEFERRED;


--
-- Name: products_productimage products_productimag_product_id_e747596a_fk_products_; Type: FK CONSTRAINT; Schema: public; Owner: postgres
--

ALTER TABLE ONLY public.products_productimage
    ADD CONSTRAINT products_productimag_product_id_e747596a_fk_products_ FOREIGN KEY (product_id) REFERENCES public.products_product(uid) DEFERRABLE INITIALLY DEFERRED;


--
-- Name: products_sizevariant products_sizevariant_product_id_9e4feaf0_fk_products_; Type: FK CONSTRAINT; Schema: public; Owner: postgres
--

ALTER TABLE ONLY public.products_sizevariant
    ADD CONSTRAINT products_sizevariant_product_id_9e4feaf0_fk_products_ FOREIGN KEY (product_id) REFERENCES public.products_product(uid) DEFERRABLE INITIALLY DEFERRED;


--
-- Name: socialaccount_socialtoken socialaccount_social_account_id_951f210e_fk_socialacc; Type: FK CONSTRAINT; Schema: public; Owner: postgres
--

ALTER TABLE ONLY public.socialaccount_socialtoken
    ADD CONSTRAINT socialaccount_social_account_id_951f210e_fk_socialacc FOREIGN KEY (account_id) REFERENCES public.socialaccount_socialaccount(id) DEFERRABLE INITIALLY DEFERRED;


--
-- Name: socialaccount_socialtoken socialaccount_social_app_id_636a42d7_fk_socialacc; Type: FK CONSTRAINT; Schema: public; Owner: postgres
--

ALTER TABLE ONLY public.socialaccount_socialtoken
    ADD CONSTRAINT socialaccount_social_app_id_636a42d7_fk_socialacc FOREIGN KEY (app_id) REFERENCES public.socialaccount_socialapp(id) DEFERRABLE INITIALLY DEFERRED;


--
-- Name: socialaccount_socialapp_sites socialaccount_social_site_id_2579dee5_fk_django_si; Type: FK CONSTRAINT; Schema: public; Owner: postgres
--

ALTER TABLE ONLY public.socialaccount_socialapp_sites
    ADD CONSTRAINT socialaccount_social_site_id_2579dee5_fk_django_si FOREIGN KEY (site_id) REFERENCES public.django_site(id) DEFERRABLE INITIALLY DEFERRED;


--
-- Name: socialaccount_socialapp_sites socialaccount_social_socialapp_id_97fb6e7d_fk_socialacc; Type: FK CONSTRAINT; Schema: public; Owner: postgres
--

ALTER TABLE ONLY public.socialaccount_socialapp_sites
    ADD CONSTRAINT socialaccount_social_socialapp_id_97fb6e7d_fk_socialacc FOREIGN KEY (socialapp_id) REFERENCES public.socialaccount_socialapp(id) DEFERRABLE INITIALLY DEFERRED;


--
-- Name: socialaccount_socialaccount socialaccount_socialaccount_user_id_8146e70c_fk_auth_user_id; Type: FK CONSTRAINT; Schema: public; Owner: postgres
--

ALTER TABLE ONLY public.socialaccount_socialaccount
    ADD CONSTRAINT socialaccount_socialaccount_user_id_8146e70c_fk_auth_user_id FOREIGN KEY (user_id) REFERENCES public.auth_user(id) DEFERRABLE INITIALLY DEFERRED;


--
-- PostgreSQL database dump complete
--

